"","No..x","Name","Yr.x","Pos.x","g.x","ab","r","h","Doubles","Triples","hr","rbi","bb","k","sb","cs","avg","obp","slg","No..y","Yr.y","Pos.y","g.y","hbp","sf","sh","tb","xbh","hdp","go","fo","go/fo","pa","School","Singles","OPS","wOBA","wRAA","wSB","fOWar","wRC","Year","Position"
"1",25,"Chase  Henley","Sr.","1B",31,122,12,36,9,2,4,31,7,"16",0,0,"0.295",0.336,0.5,25,"Sr.","1B",31,2,3,1,61,15,"2","25","46","0.54",135,"Amherst",21,0.836,0.362836567164179,0.715454703228043,-0.528,0.350857387966171,33.3271226136758,"Senior","Infield"
"2",20,"Stephen  Burke","So.","SS",31,118,20,38,11,1,1,24,11,"19",7,2,"0.322",0.394,0.458,20,"So.","SS",31,5,3,0,54,13,"3","28","30","0.93",137,"Amherst",25,0.852,0.378996350364963,2.4422480620155,-0.1216,0.515517569512139,36.0347480620155,"Sophomore","Infield"
"3",24,"Joseph  Palmo","So.","CF",31,112,37,38,11,1,3,27,21,"13",7,0,"0.339",0.46,0.536,24,"So.","CF",31,4,0,3,60,15,"4","35","27","1.30",140,"Amherst",23,0.996,0.44330802919708,9.47528999038081,0.5552,1.10008657612631,45.8274651728626,"Sophomore","Outfield"
"4",16,"Kai  Terada-Herzer","So.","OF",31,111,30,36,3,1,0,9,20,"16",6,2,"0.324",0.444,0.369,16,"So.","OF",31,4,0,5,41,4,"2","36","22","1.64",140,"Amherst",0,0.813,0.167031111111111,-20.5082515073213,-0.0223999999999999,-1.18742401501906,7.14869664082689,"Sophomore","Outfield"
"5",6,"Nick  Nardone","Sr.","3B",31,108,19,27,3,0,0,15,25,"13",5,1,"0.25",0.388,0.278,6,"Sr.","3B",31,0,1,0,30,3,"2","26","36","0.72",134,"Amherst",0,0.666,0.16125,-20.2298449612403,0.16,-1.1679025669591,6.0676550387597,"Senior","Infield"
"6",3,"Daniel  Qin","Fy.","INF",29,101,19,32,7,1,1,17,16,"13",1,1,"0.317",0.417,0.436,3,"Fy.","INF",29,2,1,2,44,9,"4","23","33","0.70",122,"Amherst",23,0.853,0.3858175,2.81994961240311,-0.9216,0.44648325442139,32.9215179457364,"First-Year","Infield"
"7",10,"Severino  Simeone","Jr.","C",28,92,23,23,4,1,5,19,15,"26",2,1,"0.25",0.386,0.478,10,"Jr.","C",28,6,1,0,44,10,"-","22","22","1.00",114,"Amherst",13,0.864,0.387226315789474,2.75953488372093,-0.5984,0.446192730817435,30.9233348837209,"Junior","Catcher"
"8",15,"William  Murphy","Jr.","2B",23,70,13,17,1,1,1,9,10,"11",7,3,"0.243",0.338,0.329,15,"Jr.","2B",23,0,0,0,23,3,"1","16","21","0.76",80,"Amherst",14,0.667,0.30879375,-2.92751937984496,-0.2224,-0.0361716102678362,15.425980620155,"Junior","Infield"
"9",7,"Kevin  Schroeder","So.","C",14,37,4,7,1,0,0,3,4,"9",1,0,"0.189",0.286,0.216,7,"So.","C",14,1,0,1,8,1,"3","10","9","1.11",43,"Amherst",0,0.502,0.115792857142857,-8.00690476190476,0.112,-0.483650556030796,-0.00757380952380807,"Sophomore","Catcher"
"10",33,"Rob  Casey III","Jr.","DH",13,33,6,5,1,0,0,3,5,"13",0,0,"0.152",0.282,0.182,33,"Jr.","DH",13,1,0,1,6,1,"-","4","11","0.36",40,"Amherst",0,0.464,0.142892307692308,-6.60799045915325,-0.1056,-0.402713856723048,1.07693261776983,"Junior","Designated Hitter"
"11",23,"Kyler  Kopacz","So.","RHP",15,33,9,12,0,0,1,6,5,"8",1,0,"0.364",0.439,0.455,23,"So.","RHP",15,1,2,1,15,1,"1","7","9","0.78",42,"Amherst",0,0.894,0.156373170731707,-6.49947816222348,0.0944,-0.374631598968824,1.6969754963131,"Sophomore","Designated Hitter"
"12",8,"Topher  Brown","Jr.","OF",12,25,5,9,4,0,0,4,4,"6",0,1,"0.36",0.484,0.52,8,"Jr.","OF",12,2,0,2,13,4,"-","4","6","0.67",33,"Amherst",0,1.004,0.305438709677419,-1.29342835708927,-0.5056,-0.0523224818180592,6.25250067516879,"Junior","Outfield"
"13",1,"Tyler  Marshall","So.","2B",12,21,2,1,0,0,0,1,3,"2",2,0,"0.048",0.16,0.048,1,"So.","2B",12,0,1,2,1,0,"1","15","4","3.75",27,"Amherst",0,0.208,0.08514,-5.66916279069767,0.3472,-0.330985238824676,-0.832382790697674,"Sophomore","Infield"
"14",28,"Chris  Murphy","Fy.","INF",8,9,1,5,0,0,0,2,2,"1",0,1,"0.556",0.692,0.556,28,"Fy.","INF",8,2,0,1,5,0,"-","2","2","1.00",14,"Amherst",0,1.248,0.222276923076923,-1.45125819916518,-0.4704,-0.108906551833721,1.48831103160406,"First-Year","Infield"
"15",11,"Matt  Santos","Sr.","",5,6,0,1,0,0,0,1,1,"5",0,0,"0.167",0.25,0.167,11,"Sr.","",5,0,1,0,1,0,"-","-","1","-",8,"Amherst",0,0.417,0.0886875,-1.6577519379845,-0.0176,-0.105440514320197,-0.218251937984496,"Senior","Infield"
"16",44,"Aidan  Park","Fy.","1B",2,2,0,0,0,0,0,0,1,"1",0,0,"0",0.333,0,44,"Fy.","1B",2,0,0,0,0,0,"-","1","-","-",3,"Amherst",0,0.333,0.2365,-0.277906976744186,-0.0176,-0.0146337557443253,0.361593023255814,"First-Year","Infield"
"17",12,"Kaylen  Xie","So.","C",3,2,0,0,0,0,0,1,0,"2",0,0,"0",0,0,12,"So.","C",3,0,1,0,0,0,"-","-","1","-",3,"Amherst",0,0,0,-0.827906976744186,0,-0.0544840551455229,-0.347906976744186,"Sophomore","Catcher"
"18",2,"Christian  Beal","0","OF",35,146,32,54,9,2,1,17,11,"19",15,2,".370",0.446,0.479,2,"0","OF",35,9,0,0,70,12,"3","31","36","0.86",166,"Bates",42,0.925,0.416763253012048,7.81914728682171,1.1088,1.08243118414334,49.9318472868217,"Sophomore","Outfield"
"19",42,"Giovanni  Torres","0","INF",36,125,20,26,6,0,0,11,13,"17",3,1,".208",0.298,0.256,42,"0","INF",36,3,0,7,32,6,"1","44","38","1.16",148,"Bates",0,0.554,0.135953191489362,-25.2456803562593,-0.0816,-1.52649304063817,2.95766148771236,"Junior","Infield"
"20",4,"Jack  Arend","0","C",33,104,24,37,6,0,0,21,34,"14",9,2,".356",0.527,0.413,4,"0","C",33,7,3,1,43,6,"2","25","30","0.83",149,"Bates",0,0.94,0.250068243243243,-12.2355284936099,0.2784,-0.523238160699342,19.980788398282,"Junior","Catcher"
"21",15,"Kyle  Carter","0","INF",33,102,21,23,2,0,0,10,11,"19",4,2,".225",0.316,0.245,15,"0","INF",33,3,1,5,25,2,"3","30","32","0.94",122,"Bates",0,0.561,0.107610256410256,-23.4911230371695,-0.2464,-1.4723694888101,-1.01976577221228,"Junior","Infield"
"22",19,"Justin  White","0","C/1B",34,101,14,30,5,0,1,17,17,"20",3,1,".297",0.419,0.376,19,"0","C/1B",34,5,1,0,38,6,"2","23","27","0.85",124,"Bates",0,0.795,0.196100806451613,-15.3701550387597,-0.1872,-0.855091445016943,9.93634496124031,"Senior","Infield"
"23",28,"Bryan  Gotti","0","INF",31,86,10,24,5,0,2,14,12,"17",0,0,".279",0.37,0.407,28,"0","INF",31,1,1,1,35,7,"2","25","21","1.19",101,"Bates",0,0.777,0.199563,-12.2481682170543,-0.2288,-0.681908798681706,8.44299478294574,"First-Year","Infield"
"24",6,"Jon  Lindgren","0","OF",34,81,21,23,5,0,0,5,14,"23",10,2,".284",0.404,0.346,6,"0","OF",34,3,1,2,28,5,"-","18","18","1.00",101,"Bates",0,0.75,0.187766666666667,-13.1717571059432,0.9008,-0.666488805335066,7.25156511627908,"Junior","Outfield"
"25",18,"Antonio  Jareno","0","UTIL",28,78,8,23,6,0,1,11,8,"13",1,0,".295",0.36,0.41,18,"0","UTIL",28,0,0,0,32,7,"3","20","17","1.18",86,"Bates",0,0.77,0.18075,-11.6833333333333,0.0592,-0.655499001996008,5.57116666666667,"First-Year","Utility"
"26",20,"Dan  Trulli","0","INF",30,70,9,18,1,0,0,12,5,"11",0,0,".257",0.321,0.271,20,"0","INF",30,2,1,1,19,1,"3","20","20","1.00",79,"Bates",0,0.592,0.0808730769230769,-16.8488580799046,-0.1232,-1.07325784031222,-2.77257731067382,"Senior","Infield"
"27",43,"Andrew  Chi","0","INF",20,64,8,19,1,0,0,11,7,"11",0,2,".297",0.37,0.313,43,"0","INF",20,1,1,0,20,1,"2","16","15","1.07",73,"Bates",0,0.683,0.0957780821917808,-14.7257364341085,-0.9408,-0.99050921412988,-1.47393643410852,"First-Year","Infield"
"28",16,"Will  Sylvia","0","OF",22,53,6,14,2,0,0,9,12,"5",1,1,".264",0.388,0.302,16,"0","OF",22,0,2,0,16,2,"1","15","17","0.88",67,"Bates",0,0.69,0.165582089552239,-9.88992248062015,-0.4112,-0.603876433180151,3.32407751937985,"Junior","Outfield"
"29",10,"Pat  Beaton","0","OF",29,51,6,16,3,1,0,8,4,"14",5,0,".314",0.397,0.412,10,"0","OF",29,3,0,1,21,4,"2","13","9","1.44",59,"Bates",0,0.809,0.180377586206897,-8.03234295642876,0.8768,-0.388388943844468,3.80010704357124,"Junior","Outfield"
"30",8,"Noah  Loughlin","0","INF",25,50,3,10,3,0,0,14,7,"8",0,0,".200",0.295,0.26,8,"0","INF",25,1,3,1,13,3,"2","16","20","0.80",62,"Bates",0,0.555,0.156914754098361,-9.56843817511755,-0.1408,-0.572048765602611,2.53863723471852,"Sophomore","Infield"
"31",9,"Kevin  Lucey","0","INF/OF",23,35,7,8,0,0,0,1,1,"7",3,0,".229",0.289,0.229,9,"0","INF/OF",23,2,0,1,8,0,"-","12","8","1.50",39,"Bates",0,0.518,0.0573710526315789,-9.02831701346389,0.5472,-0.537508758492806,-2.28531964504284,"First-Year","Infield"
"32",23,"Colin  Coyne","0","INF",18,25,6,5,0,0,0,3,1,"7",0,1,".200",0.286,0.2,23,"0","INF",18,2,0,0,5,0,"-","9","4","2.25",28,"Bates",0,0.486,0.0778607142857143,-6.03713178294574,-0.4528,-0.415913057605719,-1.06703178294574,"Sophomore","Infield"
"33",25,"Leo  Watson","0","C/OF",8,15,1,1,0,1,0,2,0,"4",0,0,".067",0.125,0.2,25,"0","C/OF",8,1,0,0,3,1,"-","5","5","1.00",16,"Bates",0,0.325,0.14270625,-2.64550387596899,-0.0176,-0.15941396277213,0.427796124031008,"Junior","Catcher"
"34",17,"Dan  Brady","0","INF",6,6,0,1,0,0,0,0,1,"4",0,0,".167",0.286,0.167,17,"0","INF",6,0,0,0,1,0,"-","1","-","-",7,"Bates",0,0.453,0.101357142857143,-1.38178294573643,-0.0176,-0.0872791626050225,-0.102282945736434,"Sophomore","Infield"
"35",7,"Chris  Capo","0","OF",13,1,6,0,0,0,0,0,2,"-",1,0,".000",0.667,0,7,"0","OF",13,0,0,0,0,0,"-","1","-","-",3,"Bates",0,0.667,0.473,0.272093023255814,0.1648,0.0401866035371118,1.07109302325581,"First-Year","Outfield"
"36",5,"Rob  Matson","0","OF",9,0,2,0,0,0,0,0,0,"-",1,0,"-",0,0,5,"0","OF",9,0,0,0,0,0,"-","-","-","-",0,"Bates",0,0,NA,NA,0.2,NA,NA,"Sophomore","Outfield"
"37",4,"Eric  Mah","'20","IF",32,108,13,26,4,0,0,12,11,"6",5,1,"0.241",0.341,0.278,4,"'20","IF",32,6,1,0,30,4,"4","35","38","0.92",126,"Bowdoin",0,0.619,0.137907142857143,-21.3020930232558,0.3008,-1.25758181311795,2.76420697674419,"Junior","Infield"
"38",10,"Austin  Zakow","'21","3B/C",32,101,14,23,8,0,2,14,9,"16",3,2,"0.228",0.301,0.366,10,"'21","3B/C",32,2,1,0,37,10,"1","29","33","0.88",113,"Bowdoin",0,0.667,0.198523008849558,-13.794496124031,-0.3936,-0.780047115072181,9.328603875969,"Sophomore","Infield"
"39",33,"Colby  Joncas","'19","C",30,92,10,18,0,0,0,6,5,"11",0,0,"0.196",0.257,0.196,33,"'19","C",30,3,1,1,18,0,"3","39","24","1.63",102,"Bowdoin",0,0.453,0.0569643564356436,-23.6446787934607,-0.1408,-1.5258591911273,-6.01847285286668,"Senior","Catcher"
"40",24,"Jack  Wilhoite","'19","P/UT",28,85,19,26,5,0,4,15,7,"33",12,0,"0.306",0.398,0.506,24,"'19","P/UT",28,6,0,0,43,9,"-","6","19","0.32",98,"Bowdoin",0,0.904,0.248390816326531,-8.17496124031008,2.1712,-0.204872348326603,12.9773387596899,"Senior","Utility"
"41",29,"Nick  Merrill","'22","IF",27,78,13,17,6,0,0,9,9,"24",1,0,"0.218",0.311,0.295,29,"'22","IF",27,2,1,0,23,6,"1","13","23","0.57",90,"Bowdoin",0,0.606,0.17329,-12.7472093023256,0.00639999999999999,-0.72910249268904,5.15889069767442,"First-Year","Infield"
"42",9,"Gavin  Cann","'22","OF",26,74,9,20,4,2,0,9,8,"14",1,1,"0.27",0.341,0.378,9,"'22","OF",26,0,0,3,28,6,"-","19","22","0.86",85,"Bowdoin",0,0.719,0.16990243902439,-12.2622423898658,-0.3408,-0.731265647944044,4.58434297598791,"First-Year","Outfield"
"43",21,"Brandon  Lopez","'19","P/UT",25,67,9,18,6,1,0,9,12,"13",2,1,"0.269",0.383,0.388,21,"'19","P/UT",25,1,1,0,26,7,"3","18","18","1.00",81,"Bowdoin",0,0.771,0.228855555555556,-7.98348837209302,-0.2288,-0.412596435036903,9.14381162790698,"Senior","Utility"
"44",12,"Connor  Lee","'20","P/IF",25,62,10,16,5,0,0,6,1,"7",0,0,"0.258",0.303,0.339,12,"'20","P/IF",25,3,0,0,21,5,"1","19","16","1.19",66,"Bowdoin",0,0.642,0.1419,-10.9539534883721,-0.0704,-0.660505500626653,1.71144651162791,"Junior","Infield"
"45",26,"Brendan  O'Neil","'21","1B",26,61,2,10,4,0,1,4,11,"15",0,0,"0.164",0.292,0.279,26,"'21","1B",26,0,0,1,17,5,"3","15","22","0.68",73,"Bowdoin",0,0.571,0.209625,-8.28323643410853,-0.1936,-0.452358016525089,6.83688856589148,"Sophomore","Infield"
"46",5,"Chris  Attisani","'22","3B",20,43,2,11,2,0,0,12,4,"13",0,0,"0.256",0.313,0.302,5,"'22","3B",20,0,1,0,13,2,"1","9","8","1.13",48,"Bowdoin",0,0.615,0.112875,-9.04651162790698,-0.0704,-0.562643085921181,-0.148511627906975,"First-Year","Infield"
"47",6,"James  McCarthy","'21","OF",20,42,6,11,1,1,0,10,7,"11",1,1,"0.262",0.367,0.333,6,"'21","OF",20,0,0,1,14,2,"-","10","10","1.00",50,"Bowdoin",0,0.7,0.159275510204082,-7.624980224648,-0.3232,-0.470173170507585,2.16532589780098,"Sophomore","Outfield"
"48",3,"Ben  Suski","'19","IF",25,40,5,4,0,0,1,1,12,"15",2,0,"0.1",0.345,0.175,3,"'19","IF",25,3,0,0,7,1,"-","16","5","3.20",55,"Bowdoin",0,0.52,0.233607272727273,-5.21829457364341,0.136,-0.243185721580095,6.47010542635659,"Senior","Infield"
"49",13,"Owen  Gideon-Murphy","'21","IF",23,36,2,4,1,0,0,1,3,"6",2,0,"0.111",0.195,0.139,13,"'21","IF",23,1,1,2,5,1,"1","11","15","0.73",43,"Bowdoin",0,0.334,0.101312195121951,-8.48959349593496,0.3296,-0.50349252714084,-0.630242276422763,"Sophomore","Infield"
"50",11,"Ejaaz  Jiu","'19","C/OF",15,31,1,5,2,0,0,1,2,"9",2,1,"0.161",0.212,0.226,11,"'19","C/OF",15,0,0,0,7,2,"-","9","7","1.29",33,"Bowdoin",0,0.438,0.121181818181818,-6.00697674418605,-0.0352,-0.369923408995962,0.172023255813955,"Senior","Catcher"
"51",14,"Robbie  Sarmanian","'22","C",13,21,4,6,2,0,0,2,1,"8",1,0,"0.286",0.348,0.381,14,"'22","C",13,1,0,1,8,2,"-","6","2","3.00",24,"Bowdoin",0,0.729,0.174991304347826,-3.36760364004044,0.1648,-0.179850571859315,1.41653549039434,"First-Year","Catcher"
"52",7,"Matt  Nakamoto","'21","C",10,16,0,2,1,0,0,0,0,"3",0,0,"0.125",0.125,0.188,7,"'21","C",10,0,0,1,3,1,"-","4","8","0.50",17,"Bowdoin",0,0.313,0.080625,-3.62897286821705,0,-0.229214536044191,-0.600847868217054,"Sophomore","Catcher"
"53",19,"Josh  Haensly","'21","OF",7,9,1,2,0,0,0,0,1,"6",0,0,"0.222",0.3,0.222,19,"'21","OF",7,0,0,0,2,0,"-","-","1","-",10,"Bowdoin",0,0.522,0.07095,-2.20968992248062,-0.0176,-0.141763217750545,-0.45018992248062,"Sophomore","Outfield"
"54",15,"Aidan  Schraeder","'22","P/OF",12,9,0,2,1,0,0,0,0,"3",0,0,"0.222",0.222,0.333,15,"'22","P/OF",12,0,0,0,3,1,"-","2","2","1.00",9,"Bowdoin",0,0.555,0.143333333333333,-1.48372093023256,0,-0.0886018660353711,0.246279069767442,"First-Year","Outfield"
"55",18,"Nick  Lam","'22","OF",6,6,0,2,0,0,0,1,0,"4",0,0,"0.333",0.333,0.333,18,"'22","OF",6,0,0,0,2,0,"-","-","-","-",6,"Bowdoin",0,0.666,0,-1.65581395348837,0,-0.108968110291046,-0.695813953488372,"First-Year","Outfield"
"56",27,"Ryan  Winn","'21","P",15,3,1,1,0,0,0,0,0,"-",0,0,"0.333",0.333,0.333,27,"'21","P",15,0,0,0,1,0,"-","-","2","-",3,"Bowdoin",0,0.666,0,-0.827906976744186,0,-0.0544840551455229,-0.347906976744186,"Sophomore","Designated Hitter"
"57",32,"Andrew  Cohen","'22","UT",9,1,0,0,0,0,0,0,0,"1",0,0,"0",0,0,32,"'22","UT",9,0,0,0,0,0,"-","-","-","-",1,"Bowdoin",0,0,0,-0.275968992248062,0,-0.0181613517151743,-0.115968992248062,"First-Year","Utility"
"58",34,"William  Wessman","Jr.","3B",28,109,19,28,9,0,3,19,12,"10",1,0,"0.257",0.331,0.422,34,"Jr.","3B",28,1,2,0,46,12,"5","34","39","0.87",124,"Colby",0,0.753,0.219716129032258,-13.1001550387597,-0.0288,-0.673324977951074,12.8646449612403,"Junior","Infield"
"59",2,"Matt  Mitchell","Sr.","IF",27,102,21,37,5,0,0,11,10,"13",6,2,"0.363",0.454,0.412,2,"Sr.","IF",27,7,0,3,42,5,"1","31","17","1.82",122,"Colby",0,0.866,0.157076470588235,-18.8129229366165,0.1008,-1.09621678667289,5.01511235750114,"Senior","Infield"
"60",7,"Will  Phillips","Jr.","P/OF",25,91,15,28,4,5,1,16,5,"8",4,0,"0.308",0.382,0.495,7,"Jr.","P/OF",25,6,0,0,45,10,"1","26","26","1.00",102,"Colby",18,0.877,0.384723529411765,2.27116279069767,0.2896,0.446164879543239,27.4129627906977,"Junior","Outfield"
"61",11,"Chris  Romano","So.","IF",26,81,16,23,3,2,2,14,16,"23",3,1,"0.284",0.4,0.444,11,"So.","IF",26,1,2,1,36,7,"2","18","17","1.06",101,"Colby",16,0.844,0.377583,1.68983178294574,-0.3808,0.349977428863204,26.4230147829457,"Sophomore","Infield"
"62",6,"Jackson  Ward","Sr.","IF",27,79,11,21,3,1,1,16,7,"8",5,2,"0.266",0.326,0.367,6,"Sr.","IF",27,0,0,2,29,5,"4","26","24","1.08",88,"Colby",16,0.693,0.3135,-2.89922480620155,-0.2048,-0.0127763078494174,17.3827286821705,"Senior","Infield"
"63",16,"Keenan  Iuliano","Sr.","IF",22,68,13,20,8,1,0,11,9,"17",2,0,"0.294",0.372,0.441,16,"Sr.","IF",22,0,1,0,30,9,"1","15","16","0.94",78,"Colby",0,0.813,0.234019230769231,-7.37558139534883,0.2416,-0.33936986492132,9.20791860465117,"Senior","Infield"
"64",44,"Dylan  Nastri","Fy.","IF/P",23,66,12,21,5,1,0,13,7,"8",0,2,"0.318",0.395,0.424,44,"Fy.","IF/P",23,2,1,0,28,6,"-","20","16","1.25",76,"Colby",0,0.819,0.189935526315789,-9.78364341085271,-0.9584,-0.614424406999953,5.62145658914729,"First-Year","Infield"
"65",22,"Tommy  McGee","So.","IF",19,63,9,16,2,1,0,7,6,"11",2,0,"0.254",0.319,0.317,22,"So.","IF",19,0,0,3,20,3,"3","21","14","1.50",72,"Colby",0,0.636,0.121521739130435,-13.0871587462083,0.2944,-0.777901103758106,0.399797775530842,"Sophomore","Infield"
"66",20,"Ryan  Hecht","So.","C",19,56,8,18,2,0,0,11,5,"8",4,0,"0.321",0.4,0.357,20,"So.","C",19,3,1,2,20,2,"-","19","12","1.58",67,"Colby",0,0.757,0.128206153846154,-11.8311532498509,0.6592,-0.669058376984849,0.819889827072156,"Sophomore","Catcher"
"67",14,"Mark  Sunoo","Fy.","OF/P",18,47,5,11,2,0,1,5,7,"6",2,0,"0.234",0.333,0.34,14,"Fy.","OF/P",18,0,0,1,16,3,"-","19","11","1.73",55,"Colby",0,0.673,0.179166666666667,-7.53940568475452,0.2768,-0.40638266103452,3.47587209302326,"First-Year","Outfield"
"68",12,"Tyler  Mulberry","Sr.","IF",18,44,6,9,0,0,0,1,9,"11",3,1,"0.205",0.352,0.205,12,"Sr.","IF",18,1,0,0,9,0,"-","6","17","0.35",54,"Colby",0,0.557,0.131866666666667,-9.38232558139535,0.024,-0.565742932739173,0.858474418604654,"Senior","Infield"
"69",4,"Andrew  Russell","So.","IF",9,29,9,12,4,0,1,6,1,"3",2,0,"0.414",0.528,0.655,4,"So.","IF",9,6,0,0,19,5,"-","7","5","1.40",36,"Colby",0,1.183,0.344716666666667,-0.314883720930232,0.2768,0.0869697813674976,8.23491627906977,"Sophomore","Infield"
"70",25,"Taimu  Ito","Jr.","P",11,26,4,8,0,1,1,8,2,"9",2,0,"0.308",0.357,0.5,25,"Jr.","P",11,0,0,0,13,2,"-","1","6","0.17",28,"Colby",0,0.857,0.181982142857143,-3.77713178294574,0.3648,-0.185553776168593,1.84836821705427,"Junior","Designated Hitter"
"71",10,"Jonah  Katz","So.","C",13,22,3,5,1,0,0,2,2,"9",1,1,"0.227",0.292,0.273,10,"So.","C",13,0,0,0,6,1,"-","1","6","0.17",24,"Colby",0,0.565,0.112875,-4.52325581395349,-0.2352,-0.29629160284083,-0.0742558139534875,"Sophomore","Catcher"
"72",29,"Andrew  Sterup","Sr.","P",12,11,1,2,0,0,0,0,1,"3",1,0,"0.182",0.25,0.182,29,"Sr.","P",12,0,0,0,2,0,"1","4","2","2.00",12,"Colby",0,0.432,0.059125,-2.76162790697674,0.1824,-0.163115861300655,-0.682127906976744,"Senior","Designated Hitter"
"73",24,"Cabot  Maher","Fy.","P/DH",3,10,3,4,1,0,0,2,1,"3",0,0,"0.4",0.455,0.5,24,"Fy.","P/DH",3,0,0,0,5,1,"-","1","-","-",11,"Colby",0,0.955,0.181772727272727,-1.48565891472868,-0.0176,-0.0850742700645221,0.723841085271319,"First-Year","Designated Hitter"
"74",26,"Ryan  Nakajima","Fy.","",4,6,1,1,0,0,0,0,0,"3",0,0,"0.167",0.167,0.167,26,"Fy.","",4,0,0,1,1,0,"-","3","-","-",7,"Colby",0,0.334,0,-1.93178294573643,0,-0.12712946200622,-0.811782945736434,"First-Year","Outfield"
"75",50,"Quinn  Burke","Fy.","IF",3,3,0,1,0,0,0,1,0,"1",0,0,"0.333",0.333,0.333,50,"Fy.","IF",3,0,0,0,1,0,"-","-","1","-",3,"Colby",0,0.666,0,-0.827906976744186,0,-0.0544840551455229,-0.347906976744186,"First-Year","Infield"
"76",32,"Patrick  Forelli","Fy.","C",2,2,0,0,0,0,0,0,0,"-",0,0,"0",0,0,32,"Fy.","C",2,0,0,0,0,0,"-","-","1","-",2,"Colby",0,0,0,-0.551937984496124,0,-0.0363227034303486,-0.231937984496124,"First-Year","Catcher"
"77",7,"Matt Zaffino","'21","UTIL",32,106,22,32,5,1,1,19,20,"24",6,1,"0.302",0.422,0.396,7,"'21","UTIL",32,5,4,1,42,7,"3","22","28","0.79",136,"Hamilton",25,0.818,0.374577777777778,1.95858742463394,-0.0799999999999998,0.479934188470605,35.1707948320414,"Sophomore","Utility"
"78",22,"Ethan Wallis","'21","OF",30,103,24,37,7,5,1,16,22,"25",12,1,"0.359",0.477,0.553,22,"'21","OF",30,3,2,3,57,13,"3","22","21","1.05",133,"Hamilton",24,1.03,0.449118461538462,9.6005855694693,1.1376,1.13559273224571,44.3088794156231,"Sophomore","Outfield"
"79",17,"Brady Slinger","'22","SS",26,87,14,25,0,1,0,10,4,"14",6,1,"0.287",0.319,0.31,17,"'22","SS",26,0,0,3,27,1,"1","25","23","1.09",94,"Hamilton",0,0.629,0.0481978021978022,-22.4289973592299,0.7296,-1.38967545104016,-6.37049186472442,"First-Year","Infield"
"80",30,"Craig Sandford","'19","C",30,80,11,15,3,0,1,12,17,"20",3,1,"0.188",0.343,0.263,30,"'19","C",30,3,2,2,21,4,"-","17","30","0.57",104,"Hamilton",0,0.606,0.198685294117647,-12.6827359781122,-0.152,-0.701202792772867,8.60249539443685,"Senior","Catcher"
"81",19,"Graham McOsker","'20","1B",26,76,12,18,2,1,0,8,12,"23",6,1,"0.237",0.376,0.289,19,"'20","1B",26,5,0,1,22,3,"1","17","15","1.13",94,"Hamilton",0,0.665,0.175467741935484,-13.1550637659415,0.5008,-0.712644493458694,5.59288247061766,"Junior","Infield"
"82",5,"Rich Marooney","'21","OF",28,73,16,19,2,1,0,13,17,"16",7,0,"0.26",0.409,0.315,5,"'21","OF",28,2,1,3,23,3,"3","15","23","0.65",96,"Hamilton",0,0.724,0.189893548387097,-12.3614103525881,1.0656,-0.605973828786538,7.09675738934734,"Sophomore","Outfield"
"83",15,"Jordan Northrup","'19","2B",22,70,7,18,1,0,0,10,5,"13",3,2,"0.257",0.308,0.271,15,"'19","2B",22,1,2,3,19,1,"-","25","15","1.67",81,"Hamilton",0,0.579,0.0714461538461539,-17.8673345259392,-0.3056,-1.15815378188167,-3.60634991055456,"Senior","Infield"
"84",13,"Matt Cappelletti","'21","3B",25,68,14,18,9,1,2,9,6,"20",6,0,"0.265",0.351,0.515,13,"'21","3B",25,3,0,0,35,12,"1","15","13","1.15",77,"Hamilton",6,0.866,0.380466233766234,1.46038759689922,0.936,0.371486097572297,20.3662875968992,"Sophomore","Infield"
"85",8,"Nate Goodman","'20","OF",22,53,5,19,1,0,0,3,3,"9",0,1,"0.358",0.414,0.377,8,"'20","OF",22,2,0,0,20,1,"1","10","12","0.83",58,"Hamilton",0,0.791,0.0842948275862069,-12.2162015503876,-0.488,-0.806202710857355,-1.8371015503876,"Junior","Outfield"
"86",3,"Joe Suski","'21","OF",24,51,11,15,0,0,0,10,4,"13",5,1,"0.294",0.351,0.294,3,"'21","OF",24,1,1,5,15,0,"1","13","12","1.08",62,"Hamilton",0,0.645,0.0626894736842105,-14.0970950632395,0.512,-0.862157814114733,-3.30333015095879,"Sophomore","Outfield"
"87",28,"Jarrett Lee","'21","SS",15,35,8,10,3,0,0,9,8,"7",3,0,"0.286",0.457,0.371,28,"'21","SS",15,3,0,1,13,3,"1","10","7","1.43",47,"Hamilton",0,0.828,0.255476086956522,-3.66249915739804,0.4064,-0.126454527749355,6.55683345129761,"Sophomore","Infield"
"88",16,"Gavin Schaefer-Hood","'21","P/UT",23,35,7,13,4,0,0,5,7,"3",4,0,"0.371",0.489,0.486,16,"'21","P/UT",23,2,1,1,17,4,"1","10","10","1.00",46,"Hamilton",0,0.975,0.257713333333333,-3.50479586563307,0.6416,-0.0995406087050704,6.52023968992248,"Sophomore","Utility"
"89",24,"Ethan Murphy","'22","1B/DH",14,30,3,6,1,0,0,2,1,"8",0,0,"0.2",0.226,0.233,24,"'22","1B/DH",14,0,0,0,7,1,"1","6","10","0.60",31,"Hamilton",0,0.459,0.0645,-7.00503875968992,-0.0176,-0.448301304368008,-1.59553875968992,"First-Year","Infield"
"90",33,"James Nish","'19","DH",15,29,2,5,2,1,1,7,4,"8",0,0,"0.172",0.265,0.414,33,"'19","DH",15,0,1,0,12,4,"1","6","9","0.67",34,"Hamilton",1,0.679,0.294044117647059,-1.63294573643411,-0.088,-0.0439829643039502,6.05455426356589,"Senior","Designated Hitter"
"91",37,"Adam Wijaya","'22","UTIL",13,21,3,3,0,0,0,1,3,"6",1,0,"0.143",0.25,0.143,37,"'22","UTIL",13,0,0,0,3,0,"1","7","5","1.40",24,"Hamilton",0,0.393,0.0886875,-4.97325581395349,0.1472,-0.301351483080351,-0.654755813953487,"First-Year","Utility"
"92",25,"Jacob Han","'21","OF",10,13,4,4,1,0,0,1,1,"3",0,0,"0.308",0.4,0.385,25,"'21","OF",10,1,0,0,5,1,"-","2","4","0.50",15,"Hamilton",0,0.785,0.18232,-2.01953488372093,-0.0352,-0.116372371535998,0.99526511627907,"Sophomore","Outfield"
"93",4,"Cam Morosky","'22","C",7,11,1,1,0,0,0,1,6,"2",0,0,"0.091",0.412,0.091,4,"'22","C",7,0,0,1,1,0,"-","4","4","1.00",18,"Hamilton",0,0.503,0.250411764705882,-1.47332421340629,-0.1056,-0.0732727704645428,2.41996990424077,"First-Year","Catcher"
"94",9,"Matt McGoey","'21","2B",7,10,1,1,0,0,0,0,0,"2",0,0,"0.1",0.1,0.1,9,"'21","2B",7,0,0,0,1,0,"-","1","5","0.20",10,"Hamilton",0,0.2,0,-2.75968992248062,0,-0.181613517151743,-1.15968992248062,"Sophomore","Infield"
"95",11,"John Carey","'19","OF",11,7,2,1,0,0,0,0,1,"3",1,1,"0.143",0.25,0.143,11,"'19","OF",11,0,0,1,1,0,"-","2","2","1.00",9,"Hamilton",0,0.393,0.0886875,-1.86497093023256,-0.2176,-0.133425967831778,-0.245533430232558,"Senior","Outfield"
"96",21,"David Braverman","'19","3B/DH",8,6,1,0,0,0,0,0,3,"6",0,0,"0",0.333,0,21,"'19","3B/DH",8,0,0,0,0,0,"-","-","-","-",9,"Hamilton",0,0.333,0.2365,-0.833720930232558,-0.0528,-0.0439012672329759,1.08477906976744,"Senior","Infield"
"97",6,"Michael O'Hare","'21","C",5,6,0,1,0,0,0,0,0,"2",0,0,"0.167",0.167,0.167,6,"'21","C",5,0,0,0,1,0,"-","1","2","0.50",6,"Hamilton",0,0.334,0,-1.65581395348837,0,-0.108968110291046,-0.695813953488372,"Sophomore","Catcher"
"98",12,"Sam Rowley","'20","1B",2,2,1,0,0,0,0,0,0,"2",1,0,"0",0,0,12,"'20","1B",2,0,0,0,0,0,"-","-","-","-",2,"Hamilton",0,0,0,-0.551937984496124,0.2,-0.0213526435501091,-0.231937984496124,"Junior","Infield"
"99",2,"Chris Keane","'20","P",10,1,1,1,0,0,0,0,0,"-",0,0,"1",1,1,2,"'20","P",10,0,0,0,1,0,"-","-","-","-",1,"Hamilton",0,2,0,-0.275968992248062,0,-0.0181613517151743,-0.115968992248062,"Junior","Designated Hitter"
"100",6,"Justin Han","Jr","IF",39,138,33,45,9,2,0,30,20,"13",28,3,"0.326",0.435,0.42,6,"Jr","IF",39,9,3,1,58,11,"1","26","55","0.47",171,"Middlebury",0,0.855,0.208904117647059,-19.498756497948,3.8896,-0.741703330684732,15.8919064432285,"Junior","Infield"
"101",14,"Henry Strmecki","So","OF",38,129,39,44,3,3,6,28,17,"31",23,0,"0.341",0.443,0.55,14,"So","OF",38,9,3,0,71,12,"2","23","28","0.82",158,"Middlebury",32,0.993,0.435824050632911,9.7768992248062,3.5792,1.39391960265515,50.5370992248062,"Sophomore","Outfield"
"102",12,"Brooks Carroll","Jr","IF",37,126,27,41,6,2,1,29,25,"39",21,4,"0.325",0.446,0.429,12,"Jr","IF",37,4,2,4,54,9,"-","14","36","0.39",161,"Middlebury",32,0.875,0.398338853503185,5.28415148373081,1.5264,0.911468424430949,45.4615476620748,"Junior","Infield"
"103",11,"Hayden Smith","Jr","IF",35,123,32,34,6,3,0,27,19,"17",13,2,"0.276",0.386,0.374,11,"Jr","IF",35,6,5,3,46,9,"1","31","44","0.70",156,"Middlebury",0,0.76,0.19788431372549,-19.1209667122663,1.36,-0.940192119181609,12.7787901504788,"Junior","Infield"
"104",30,"Sam Graf","Sr","OF",38,115,30,35,8,2,1,26,23,"22",19,1,"0.304",0.452,0.435,30,"Sr","OF",38,13,6,1,50,11,"1","11","50","0.22",158,"Middlebury",24,0.887,0.401871974522293,5.61842788722659,2.344,0.990201688165663,45.1726711993285,"Senior","Outfield"
"105",5,"Andrew Hennings","Jr","IF",29,91,13,33,6,0,0,12,15,"12",8,0,"0.363",0.5,0.429,5,"Jr","IF",29,12,2,0,39,6,"1","26","20","1.30",120,"Middlebury",0,0.929,0.2267175,-12.0262790697674,1.1248,-0.516577774683192,13.2898209302326,"Junior","Infield"
"106",20,"Gray Goolsby","Jr","C",26,88,14,22,6,1,1,16,8,"9",9,0,"0.25",0.327,0.375,20,"Jr","C",26,3,2,2,33,8,"1","29","32","0.91",103,"Middlebury",14,0.702,0.316241584158416,-3.17450917184741,1.36,0.121169473165114,20.6280769667665,"Junior","Catcher"
"107",32,"Andrew Gough","Fr","IF",29,83,23,26,4,2,0,19,7,"11",9,2,"0.313",0.37,0.41,32,"Fr","IF",29,1,1,0,34,6,"1","19","26","0.73",92,"Middlebury",0,0.78,0.151715217391304,-14.5691472868217,0.8592,-0.796652741029569,3.2886527131783,"First-Year","Infield"
"108",39,"Alec Ritch","Fr","OF",30,78,22,20,2,0,2,6,16,"19",17,5,"0.256",0.385,0.359,39,"Fr","OF",30,1,1,0,28,4,"-","16","23","0.70",96,"Middlebury",0,0.744,0.197128125,-11.823023255814,1.1008,-0.563040662860326,7.79127674418605,"First-Year","Outfield"
"109",36,"Alan Guild","Jr","IF/OF",26,76,15,15,5,0,1,9,6,"16",3,1,"0.197",0.279,0.303,36,"Jr","IF/OF",26,3,1,0,23,6,"1","18","25","0.72",86,"Middlebury",0,0.582,0.1749,-12.0733333333333,0.0416000000000001,-0.686007984031936,5.06806666666667,"Junior","Infield"
"110",25,"Kevin Woodring","Jr","IF",21,60,10,19,4,1,3,13,11,"16",1,0,"0.317",0.411,0.567,25,"Jr","IF",21,0,2,0,34,8,"-","10","15","0.67",73,"Middlebury",11,0.978,0.422342465753425,3.75426356589148,-0.1872,0.449131504432995,22.3652635658915,"Junior","Infield"
"111",26,"Ryan Hanrahan","So","1B",19,55,6,13,2,0,1,6,3,"17",0,0,"0.236",0.3,0.327,26,"So","1B",19,2,0,0,18,3,"-","5","19","0.26",60,"Middlebury",0,0.627,0.13846,-10.1181395348837,-0.088,-0.614232001114051,1.34946046511628,"Sophomore","Infield"
"112",10,"Phil Bernstein","Sr","C",18,46,8,11,3,0,1,9,6,"9",0,2,"0.239",0.345,0.37,10,"Sr","C",18,2,1,0,17,4,"-","10","14","0.71",55,"Middlebury",0,0.715,0.213201818181818,-6.08829457364341,-0.9408,-0.388904284454347,5.34780542635659,"Senior","Catcher"
"113",13,"Jake Dianno","So","C",12,34,5,9,1,0,0,7,2,"6",4,1,"0.265",0.289,0.294,13,"So","C",12,0,2,0,10,1,"-","8","12","0.67",38,"Middlebury",0,0.583,0.0712894736842105,-8.38682170542635,0.3648,-0.505640347212551,-1.69782170542635,"Sophomore","Catcher"
"114",17,"Hamilton Evans","Jr","IF",11,25,3,3,0,0,0,3,2,"10",1,1,"0.12",0.214,0.12,17,"Jr","IF",11,1,0,1,3,0,"1","6","7","0.86",29,"Middlebury",0,0.334,0.0769392857142857,-6.27345791805094,-0.2528,-0.416137069714392,-1.13186148947951,"Junior","Infield"
"115",4,"Rory Bordiuk","Fr","IF",7,8,5,3,1,0,0,1,2,"2",3,0,"0.375",0.583,0.5,4,"Fr","IF",7,2,0,0,4,1,"-","3","-","-",12,"Middlebury",0,1.083,0.3483,-0.0716279069767435,0.5296,0.0642194680406629,2.78797209302326,"First-Year","Infield"
"116",1,"Jack Stolper","Fr","OF",8,8,2,1,1,0,0,3,1,"4",0,0,"0.125",0.3,0.25,1,"Fr","OF",8,1,0,1,2,1,"-","1","2","0.50",11,"Middlebury",0,0.55,0.27348,-0.703658914728682,-0.0352,-0.0278587012022467,1.73262108527132,"First-Year","Outfield"
"117",29,"Freddy Mosier","Fr","C",5,5,1,2,2,0,0,1,0,"1",0,0,"0.4",0.4,0.8,29,"Fr","C",5,0,0,0,4,2,"-","2","-","-",5,"Middlebury",0,1.2,0.516,0.62015503875969,0,0.0588938402265237,2.00015503875969,"First-Year","Catcher"
"118",35,"Grant Elgarten","Jr","OF/P",3,4,0,2,0,0,0,1,0,"-",0,0,"0.5",0.5,0.5,35,"Jr","OF/P",3,0,0,0,2,0,"-","-","1","-",4,"Middlebury",0,1,0,-1.10387596899225,0,-0.0726454068606972,-0.463875968992248,"Junior","Outfield"
"119",20,"Matt Koperniak","Jr","0",39,160,36,63,13,3,6,31,23,"12",22,3,".394",0.476,0.625,20,"Jr","0",39,4,2,0,100,22,"3","42","38","1.11",189,"Trinity",41,1.101,0.478665079365079,17.9718604651163,2.0032,1.96669614259852,68.5495604651163,"Junior","Outfield"
"120",14,"Geoff Stillman","Sr","0",39,137,28,39,8,2,2,17,10,"26",22,2,".285",0.342,0.416,14,"Sr","0",39,2,0,3,57,12,"1","35","35","1.00",152,"Trinity",27,0.758,0.339728859060403,-1.91721970761147,2.9136,0.453820880168803,34.0114997554758,"Senior","Outfield"
"121",13,"Johnny Stamatis","Sr","0",39,135,45,39,9,3,3,32,30,"29",31,5,".289",0.426,0.467,13,"Sr","0",39,6,5,0,63,15,"1","31","37","0.84",176,"Trinity",24,0.893,0.397774431818182,5.69945736434108,3.144,1.10105718794968,49.5977573643411,"Senior","Infield"
"122",2,"Ben Reinisch","Sr","0",38,134,37,35,7,2,1,12,28,"30",13,2,".261",0.421,0.366,2,"Sr","0",38,9,0,0,49,10,"4","37","27","1.37",171,"Trinity",25,0.787,0.370252631578947,1.88930232558141,0.7088,0.621115443531542,43.4825023255814,"Senior","Infield"
"123",30,"Alex Rodriguez","Jr","0",35,129,20,38,11,0,2,33,9,"27",7,2,".295",0.333,0.426,30,"Jr","0",35,0,3,0,55,13,"4","27","31","0.87",141,"Trinity",0,0.759,0.176117021276596,-19.6616279069767,0.4416,-1.08682843615095,8.48087209302326,"Junior","Catcher"
"124",22,"Mike Guanci jr.","Fr","0",33,114,15,28,0,0,0,20,15,"24",7,3,".246",0.348,0.246,22,"Fr","0",33,4,2,2,28,0,"2","34","26","1.31",137,"Trinity",0,0.594,0.10062,-27.1217519379845,-0.1344,-1.6983147658172,-2.10281193798449,"First-Year","Infield"
"125",1,"Robbie Cronin","Fr","0",35,110,19,29,6,0,2,12,12,"18",8,4,".264",0.341,0.373,1,"Fr","0",35,1,0,2,41,8,"-","27","36","0.75",125,"Trinity",0,0.714,0.172734146341463,-17.758319152959,-0.2288,-1.034465006459,7.09564426167518,"First-Year","Infield"
"126",28,"Mack Lauder","Jr","0",28,91,25,25,6,0,1,19,16,"28",12,1,".275",0.384,0.374,28,"Jr","0",28,2,3,0,34,7,"1","15","25","0.60",112,"Trinity",0,0.758,0.202599107142857,-13.3185271317829,1.6832,-0.59146660168036,9.70257286821706,"Junior","Cathcer"
"127",3,"Vincent Capone","So","0",22,65,16,19,1,1,1,13,15,"15",10,0,".292",0.443,0.385,3,"So","0",22,5,3,0,25,3,"2","12","21","0.57",88,"Trinity",16,0.828,0.383335227272727,1.86472868217055,1.3664,0.461411827507776,23.5282286821706,"Sophomore","Infield"
"128",15,"Eric Thronson","So","0",20,62,6,14,4,0,0,10,4,"18",0,0,".226",0.279,0.29,15,"So","0",20,1,1,0,18,4,"3","10","19","0.53",68,"Trinity",0,0.569,0.128430882352941,-11.9958914728682,-0.088,-0.73482221603305,0.847408527131785,"Sophomore","Catcher"
"129",11,"Tyler Buckley","Sr","0",25,60,12,18,2,0,3,12,1,"17",5,2,".300",0.333,0.483,11,"Sr","0",25,2,0,0,29,5,"2","7","17","0.41",63,"Trinity",0,0.816,0.176914285714286,-8.74604651162791,0.1472,-0.486440607157777,3.83955348837209,"Senior","Utility"
"130",12,"Brett Stevenson","Jr","0",23,53,11,17,2,0,0,13,20,"10",8,2,".321",0.506,0.358,12,"Jr","0",23,5,5,1,19,2,"-","11","21","0.52",84,"Trinity",0,0.864,0.246343373493976,-7.14043149341552,0.36,-0.297936489028108,10.9514480246568,"Junior","Outfield"
"131",7,"Ian Steckel","Sr","0",12,10,2,2,0,0,0,1,0,"4",1,0,".200",0.2,0.2,7,"Sr","0",12,0,0,0,2,0,"1","3","1","3.00",10,"Trinity",0,0.4,0,-2.75968992248062,0.2,-0.166643457271503,-1.15968992248062,"Senior","Outfield"
"132",5,"Gianni Valentini","So","0",8,8,1,2,0,1,0,2,2,"3",0,0,".250",0.364,0.5,5,"So","0",8,0,1,0,4,1,"-","1","3","0.33",11,"Trinity",0,0.864,0.269727272727273,-0.735658914728682,-0.0352,-0.030253910783085,1.69134108527132,"Sophomore","Infield"
"133",41,"Jimmy Edwards","Fr","0",3,4,1,1,0,0,0,0,0,"1",0,0,".250",0.25,0.25,41,"Fr","0",3,0,0,0,1,0,"-","-","2","-",4,"Trinity",0,0.5,0,-1.10387596899225,0,-0.0726454068606972,-0.463875968992248,"First-Year","Infield"
"134",19,"Joseph Celio","So","0",4,3,2,2,0,0,0,1,0,"-",0,0,".667",0.667,0.667,19,"So","0",4,0,0,0,2,0,"-","-","1","-",3,"Trinity",0,1.334,0,-0.827906976744186,0,-0.0544840551455229,-0.347906976744186,"Sophomore","Outfield"
"135",40,"Kevin Bomba","Fr","0",7,2,4,0,0,0,0,0,0,"2",1,0,".000",0,0,40,"Fr","0",7,0,0,0,0,0,"-","-","-","-",2,"Trinity",0,0,0,-0.551937984496124,0.2,-0.0213526435501091,-0.231937984496124,"First-Year","Outfield"
"136",31,"Ian Maldonado","Fr","0",1,1,0,0,0,0,0,1,0,"-",0,0,".000",0,0,31,"Fr","0",1,0,0,0,0,0,"-","1","-","-",1,"Trinity",0,0,0,-0.275968992248062,0,-0.0181613517151743,-0.115968992248062,"First-Year","Infield"
"137",21,"Alex Steele","Fr","0",3,1,0,1,0,0,0,2,0,"-",0,0,"1.000",0.667,1,21,"Fr","0",3,1,1,0,1,0,"-","-","1","-",3,"Trinity",0,1.667,0.2451,-0.257906976744186,-0.0176,-0.0131367497563014,0.387393023255814,"First-Year","Infield"
"138",25,"Cameron Crowley","Fr","0",14,0,0,0,0,0,0,0,1,"-",0,0,"-",1,0,25,"Fr","0",14,0,0,0,0,0,"-","-","-","-",1,"Trinity",0,1,0.7095,0.274031007751938,-0.0176,0.0216889476860233,0.593531007751938,"First-Year","Infield"
"139",4,"Casey  Santos-Ocampo","Sr.","IF / P",42,159,50,49,13,1,7,38,23,"23",10,0,"0.308",0.421,0.535,4,"Sr.","IF / P",42,11,4,1,85,21,"2","25","57","0.44",198,"Tufts",28,0.956,0.420854314720812,9.95438318970607,0.9088,1.30712449024746,60.3672938496046,"Senior","Infield"
"140",12,"Elias  Varinos","Jr.","SS/P",42,159,32,57,5,1,0,27,26,"13",8,2,"0.358",0.459,0.403,12,"Jr.","SS/P",42,6,3,2,64,6,"7","48","47","1.02",196,"Tufts",0,0.862,0.159055670103093,-29.9233245424758,0.2368,-1.73302329409749,8.44498885958604,"Junior","Infield"
"141",32,"Peter  DeMaria","Fr.","IF",39,144,37,52,18,1,2,40,22,"18",0,2,"0.361",0.484,0.542,32,"Fr.","IF",39,15,3,0,78,21,"3","26","49","0.53",184,"Tufts",31,1.026,0.454654891304348,14.0717054263566,-1.9968,1.36289212273128,62.3182054263566,"First-Year","Infield"
"142",1,"Will  Shackelford","Sr.","IF",41,143,29,42,10,1,0,22,18,"14",7,1,"0.294",0.385,0.378,1,"Sr.","IF",41,5,3,1,54,11,"4","43","41","1.05",170,"Tufts",0,0.763,0.182813609467456,-22.8230127058392,0.5952,-1.23960673945902,11.3635849272969,"Senior","Infield"
"143",6,"Justin  Mills","Jr.","OF",40,142,39,50,6,1,3,22,27,"22",6,3,"0.352",0.452,0.472,6,"Jr.","OF",40,3,5,7,67,10,"3","30","44","0.68",184,"Tufts",40,0.924,0.413310169491525,8.17447378793851,-1.232,0.978728077939509,54.7107766127973,"Junior","Outfield"
"144",2,"JP  Knight","Jr.","INF",38,130,28,40,9,2,3,26,14,"37",3,2,"0.308",0.391,0.477,2,"Jr.","INF",38,7,5,2,62,14,"6","21","36","0.58",158,"Tufts",26,0.868,0.382369230769231,3.22971973762671,-1.0272,0.559070838644714,42.0912376863447,"Junior","Infield"
"145",23,"Ryan  Day","Jr.","C/OF",36,116,26,33,7,0,1,19,19,"19",1,0,"0.284",0.421,0.371,23,"Jr.","C/OF",36,9,1,3,43,8,"2","37","25","1.48",148,"Tufts",0,0.792,0.215563448275862,-16.1121005078856,-0.2928,-0.858650237616187,14.7399794921144,"Junior","Catcher"
"146",7,"Kyle  Cortese","So.","IF",36,104,26,31,6,2,7,27,23,"25",1,0,"0.298",0.468,0.596,7,"So.","IF",36,11,1,2,62,15,"-","20","27","0.74",141,"Tufts",16,1.064,0.464678417266187,11.8788037476995,-0.68,1.19003022063619,49.1680289275557,"Sophomore","Infield"
"147",10,"Harrison  Frickman","Sr.","C",31,99,26,36,5,2,5,26,14,"15",5,0,"0.364",0.467,0.606,10,"Sr.","C",31,7,2,2,60,12,"1","22","30","0.73",124,"Tufts",24,1.073,0.466726229508197,10.6434515186174,0.208,1.12161563263104,43.4938974202567,"Senior","Catcher"
"148",5,"Will  Burgess","So.","IF",23,57,12,11,1,1,0,11,8,"6",1,2,"0.193",0.304,0.246,5,"So.","IF",23,2,2,1,14,2,"2","23","14","1.64",70,"Tufts",0,0.55,0.144704347826087,-11.4656555443209,-0.776,-0.741640884055953,2.01147489046175,"Sophomore","Infield"
"149",13,"Brandon  Bay","So.","OF",27,49,12,13,2,1,1,15,8,"10",0,0,"0.265",0.383,0.408,13,"So.","OF",27,2,1,0,20,4,"-","7","14","0.5",60,"Tufts",9,0.791,0.358835,0.131860465116281,-0.3344,0.134540453975769,14.5719604651163,"Sophomore","Outfield"
"150",8,"Ryan  Daues","So.","IF",12,45,13,15,7,0,0,15,10,"10",1,0,"0.333",0.475,0.489,8,"So.","IF",12,3,1,0,22,7,"-","4","15","0.27",59,"Tufts",0,0.964,0.310693220338983,-2.07217054263566,-0.0288,-0.0100526853270201,11.4887294573643,"Sophomore","Infield"
"151",25,"Eric  Schnepf","Sr.","C",18,37,8,8,2,0,1,13,13,"10",2,0,"0.216",0.455,0.351,25,"Sr.","C",18,4,1,1,13,3,"2","14","6","2.33",56,"Tufts",0,0.806,0.306785454545455,-2.13644538407329,0.1008,-0.012648107590316,10.685721888654,"Senior","Catcher"
"152",38,"Nate  Bozzella","Fr.","",10,20,3,5,1,0,0,3,5,"6",1,0,"0.25",0.4,0.3,38,"Fr.","",10,0,0,0,6,1,"-","3","6","0.5",25,"Tufts",0,0.7,0.1935,-3.14922480620155,0.112,-0.164961936591932,1.93827519379845,"First-Year","Infield"
"153",33,"Ryan  Noone","Fr.","",9,14,2,3,0,0,0,2,0,"4",0,0,"0.214",0.214,0.214,33,"Fr.","",9,0,0,0,3,0,"-","3","2","1.5",14,"Tufts",0,0.428,0,-3.86356589147287,0,-0.25425892401244,-1.62356589147287,"First-Year","Catcher"
"154",3,"Harrison  O'Brien","Jr.","IF",13,13,4,5,0,0,0,0,4,"2",0,0,"0.385",0.529,0.385,3,"Jr.","IF",13,0,0,1,5,0,"-","4","2","2",18,"Tufts",0,0.914,0.166941176470588,-2.63803009575923,-0.0704,-0.157816623934074,0.917499316005473,"Junior","Infield"
"155",34,"Miles  Reid","Fr.","OF",14,13,4,1,0,0,0,3,3,"2",1,0,"0.077",0.294,0.077,34,"Fr.","OF",14,1,0,0,1,0,"1","5","4","1.25",17,"Tufts",0,0.371,0.168458823529412,-2.47147286821705,0.1296,-0.132874715684909,0.892327131782946,"First-Year","Outfield"
"156",20,"Connor  Bowman","Fr.","C",8,12,1,3,1,0,0,5,0,"-",0,0,"0.25",0.231,0.333,20,"Fr.","C",8,0,1,1,4,1,"-","3","7","0.43",14,"Tufts",0,0.564,0.0992307692307692,-2.78664281454979,0,-0.173650909272689,-0.234335122242098,"First-Year","Catcher"
"157",28,"Will  Reid","Fr.","OF",3,4,2,1,0,0,0,0,1,"-",0,0,"0.25",0.4,0.25,28,"Fr.","OF",3,0,0,0,1,0,"-","2","1","2",5,"Tufts",0,0.65,0.1419,-0.82984496124031,-0.0176,-0.0509564591746739,0.12965503875969,"First-Year","Outfield"
"158",25,"Alex  Cappitelli","Jr.","OF",35,131,32,36,7,2,0,14,13,"15",3,1,".275",0.378,0.359,25,"Jr.","OF",35,10,2,2,47,9,"2","35","47","0.74",158,"Wesleyan",0,0.737,0.183990384615385,-21.0678443649374,-0.2048,-1.19805222292446,10.747379994037,"Junior","Outfield"
"159",3,"Jake  Alonzo","Jr.","RHP/IF",35,122,23,33,6,0,1,12,17,"27",7,4,".270",0.375,0.344,3,"Jr.","RHP/IF",35,4,1,2,42,7,"6","30","31","0.97",146,"Wesleyan",0,0.719,0.172716666666667,-20.7436950904393,-0.5696,-1.23103506165963,8.28516046511629,"Junior","Infield"
"160",11,"Andrew  Keith","Sr.","OF",35,120,20,43,4,0,0,25,17,"12",12,3,".358",0.452,0.392,11,"Sr.","OF",35,6,3,1,47,4,"3","36","32","1.13",147,"Wesleyan",0,0.844,0.148173287671233,-23.6825788467665,0.7952,-1.34636069212324,4.73403142720612,"Senior","Outfield"
"161",10,"Danny  Rose","Sr.","OF",35,114,19,38,6,0,2,19,28,"14",2,0,".333",0.469,0.439,10,"Sr.","OF",35,3,2,1,50,8,"4","24","39","0.62",148,"Wesleyan",0,0.908,0.231761224489796,-14.2537509887676,-0.1456,-0.708534255646277,17.1372503717766,"Senior","Outfield"
"162",1,"Adam  Geibel","Fr.","",32,110,15,32,6,0,1,12,12,"3",1,2,".291",0.363,0.373,1,"Fr.","",32,1,1,1,41,7,"3","31","42","0.74",125,"Wesleyan",0,0.736,0.154175806451613,-19.5566079019755,-0.8288,-1.21397763737342,4.77585177544386,"First-Year","Infield"
"163",18,"Andrew  Kauf","Jr.","IF",30,104,13,37,5,1,1,23,8,"11",4,1,".356",0.395,0.452,18,"Jr.","IF",30,0,2,1,47,7,"4","28","26","1.08",115,"Wesleyan",30,0.847,0.37625,1.80523255813954,-0.2688,0.401928584691083,29.9323158914729,"Junior","Infield"
"164",34,"Chase  Pratt","Jr.","C",27,83,16,21,4,5,2,14,9,"17",2,0,".253",0.354,0.494,34,"Jr.","C",27,4,0,2,41,11,"2","19","24","0.79",98,"Wesleyan",10,0.848,0.369934375,1.05858042635659,-0.00480000000000003,0.323386758459825,24.8886075096899,"Junior","Catcher"
"165",6,"Jonny  Corning","Jr.","IF",30,80,18,19,5,0,1,13,11,"7",1,0,".237",0.337,0.338,6,"Jr.","IF",30,1,0,3,27,6,"-","24","26","0.92",95,"Wesleyan",0,0.675,0.18606847826087,-12.5143368722615,-0.0112,-0.700514236945724,6.65945117121672,"Junior","Infield"
"166",9,"Ryan  Earle","Sr.","IF/RHP",26,59,9,17,7,1,0,10,14,"14",0,0,".288",0.427,0.441,9,"Sr.","IF/RHP",26,1,1,0,26,8,"2","11","18","0.61",75,"Wesleyan",0,0.868,0.283284,-4.22767441860464,-0.264,-0.149077426542264,12.5486255813954,"Senior","Infield"
"167",2,"Tanner  Fulkerson","Jr.","IF / OF",27,47,5,13,0,0,1,10,4,"9",4,1,".277",0.34,0.34,2,"Jr.","IF / OF",27,1,1,1,16,1,"-","15","10","1.50",54,"Wesleyan",0,0.68,0.107581132075472,-10.3989293549803,0.312,-0.620279143336845,-0.452944449319875,"Junior","Infield"
"168",12,"Jesse  Levy-Rubinett","Jr.","IF",19,37,3,7,2,0,0,3,5,"11",1,1,".189",0.279,0.243,12,"Jr.","IF",19,0,1,1,9,2,"1","7","14","0.50",44,"Wesleyan",0,0.522,0.1425,-7.28217054263566,-0.288,-0.456849092512649,1.16736434108527,"Junior","Infield"
"169",23,"Nick  Valicenti","Sr.","C",15,35,10,6,3,0,0,6,13,"8",0,1,".171",0.408,0.257,23,"Sr.","C",15,1,0,1,9,3,"1","11","10","1.10",50,"Wesleyan",0,0.665,0.282220408163265,-2.85967410219902,-0.6464,-0.137680197270386,8.31257079576017,"Senior","Catcher"
"170",27,"Nolan  Webb","Jr.","RHP",22,30,2,7,0,0,0,3,2,"8",2,1,".233",0.281,0.233,27,"Jr.","RHP",22,0,0,0,7,0,"-","10","3","3.33",32,"Wesleyan",0,0.514,0.04434375,-7.73100775193798,-0.0352,-0.501462656083182,-2.29200775193798,"Junior","Designated Hitter"
"171",36,"Wes  Fritch","Fr.","1B",14,27,1,8,2,0,0,4,0,"3",0,0,".296",0.296,0.37,36,"Fr.","1B",14,0,0,0,10,2,"2","13","3","4.33",27,"Wesleyan",0,0.666,0.0955555555555556,-5.45116279069767,0,-0.340655897507311,-0.551162790697673,"First-Year","Infield"
"172",15,"Jamie  Mills","Fr.","",14,23,10,7,1,1,0,5,5,"7",1,0,".304",0.467,0.435,15,"Fr.","",14,2,0,2,10,2,"-","8","1","8.00",32,"Wesleyan",0,0.902,0.26187,-2.33500775193798,0.0768,-0.0891872069813861,4.66883224806202,"First-Year","Outfield"
"173",7,"AJ  Garcia","Fr.","IF",4,6,1,1,0,0,0,0,1,"1",1,1,".167",0.286,0.167,7,"Fr.","IF",4,0,0,0,1,0,"1","2","2","1.00",7,"Wesleyan",0,0.453,0.101357142857143,-1.38178294573643,-0.2176,-0.102249222485262,-0.102282945736434,"First-Year","Infield"
"174",17,"Jack  Scher","Fr.","OF",3,4,0,0,0,0,0,0,1,"1",0,0,".000",0.333,0,17,"Fr.","OF",3,1,0,0,0,0,"-","2","1","2.00",6,"Wesleyan",0,0.333,0.2408,-0.535813953488372,-0.0352,-0.0277705055006266,0.748986046511628,"First-Year","Outfield"
"175",30,"Ben  Owen","So.","C / IF",3,3,0,1,0,0,0,0,1,"1",0,0,".333",0.5,0.333,30,"So.","C / IF",3,0,0,0,1,0,"-","-","-","-",4,"Wesleyan",0,0.833,0.177375,-0.553875968992248,-0.0176,-0.0327951074594996,0.245624031007752,"Sophomore","Infield"
"176",31,"Kyle  Sylvester","Fr.","",2,2,0,0,0,0,0,0,0,"1",0,0,".000",0,0,31,"Fr.","",2,0,0,0,0,0,"-","1","-","-",2,"Wesleyan",0,0,0,-0.551937984496124,0,-0.0363227034303486,-0.231937984496124,"First-Year","Infield"
"177",29,"Tommy  Alpert","So.","IF",2,1,1,0,0,0,0,1,2,"-",0,0,".000",0.667,0,29,"So.","IF",2,0,0,0,0,0,"-","-","-","-",3,"Wesleyan",0,0.667,0.473,0.272093023255814,-0.0352,0.0252165436568723,1.07109302325581,"Sophomore","Infield"
"178",33,"Spencer  Nastala","Fr.","",2,0,1,0,0,0,0,0,0,"-",0,0,"-",0,0,33,"Fr.","",2,0,0,0,0,0,"-","-","-","-",0,"Wesleyan",0,0,NA,NA,0,NA,NA,"First-Year","Catcher"
"179",9,"Eric Pappas","So.","IF",34,139,39,57,2,2,0,22,18,"12",6,1,".410",0.482,0.453,9,"So.","IF",34,4,3,2,63,4,"-","34","36","0.94",166,"Williams",0,0.935,0.130415853658537,-29.0286575912271,0.4128,-1.72773385163875,2.39817899413878,"Sophomore","Infield"
"180",6,"Erik Mini","So.","OF",33,131,29,37,10,4,3,27,16,"25",8,0,".282",0.36,0.489,6,"So.","OF",33,1,2,0,64,17,"4","34","34","1.00",150,"Williams",20,0.849,0.370832,1.7246511627907,0.9488,0.574360116975352,38.2294511627907,"Sophomore","Outfield"
"181",5,"Doug Schaffer","Sr.","IF",34,131,23,54,12,6,0,47,10,"19",4,5,".412",0.457,0.595,5,"Sr.","IF",34,5,5,0,78,18,"1","27","30","0.90",151,"Williams",0,1.052,0.235360927152318,-14.1213178294574,-1.464,-0.789819198811679,18.0281821705426,"Senior","Infield"
"182",22,"Mike Stamas","Jr.","UTL",30,118,23,33,3,1,0,8,7,"14",6,3,".280",0.341,0.322,22,"Jr.","UTL",30,5,2,0,38,4,"4","40","29","1.38",132,"Williams",0,0.663,0.106522727272727,-25.5279069767442,-0.2112,-1.59723854616349,-1.24690697674418,"Junior","Utility"
"183",4,"Tom Benz","Sr.","UTL.",34,111,20,36,6,0,2,11,13,"18",4,0,".324",0.392,0.432,4,"Sr.","UTL.",34,0,1,5,48,8,"3","33","28","1.18",130,"Williams",0,0.824,0.169764,-18.7679689922481,0.5712,-1.03768230979901,6.99335100775194,"Senior","Utility"
"184",15,"Alex Panstares","Sr.","C",31,106,14,22,5,1,1,12,5,"23",2,0,".208",0.28,0.302,15,"Sr.","C",31,6,1,1,32,7,"-","24","34","0.71",119,"Williams",15,0.582,0.268057627118644,-8.11251346734989,-0.0576,-0.314629251548145,18.0985475495993,"Senior","Catcher"
"185",14,"Kellen Hatheway","Sr.","IF",25,94,22,36,9,3,5,19,6,"15",0,2,".383",0.448,0.702,14,"Sr.","IF",25,5,0,0,66,17,"1","10","31","0.32",105,"Williams",19,1.15,0.495114285714286,11.3232558139535,-1.328,1.01012393817017,39.8102558139535,"Senior","Infield"
"186",2,"Matt Aventuro","Fy.","OF",28,86,12,21,6,0,0,13,8,"29",2,0,".244",0.333,0.314,2,"Fy.","OF",28,4,1,1,27,6,"1","17","16","1.06",100,"Williams",0,0.647,0.165224242424242,-14.7888184167254,0.1888,-0.843314751750903,4.92552501761804,"First-Year","Outfield"
"187",7,"Ryan Young","Fy.","",27,80,12,17,2,0,0,9,7,"20",3,1,".212",0.281,0.237,7,"Fy.","",27,1,1,2,19,2,"-","24","19","1.26",91,"Williams",0,0.518,0.0930539325842697,-18.5489086316523,0.0592000000000001,-1.15691431873645,-2.0852704294051,"First-Year","Utility"
"188",28,"David Driscoll","Fy.","C",20,58,7,21,5,0,1,7,2,"7",0,2,".362",0.371,0.5,28,"Fy.","C",20,0,2,0,29,6,"-","10","22","0.45",62,"Williams",0,0.871,0.16125,-9.36007751937984,-0.8352,-0.608428956041405,2.80742248062016,"First-Year","Catcher"
"189",11,"Philip Barnett","So.","UTL.",33,54,13,14,5,0,0,11,15,"13",7,1,".259",0.438,0.352,11,"So.","UTL.",33,3,1,4,19,5,"-","9","22","0.41",77,"Williams",0,0.79,0.264361643835616,-5.46988637570351,0.6832,-0.166169139897967,11.4262341722417,"Sophomore","Utility"
"190",13,"Daniel Lynch","Fy.","IF/P",25,29,2,4,0,0,0,1,4,"7",2,0,".138",0.235,0.138,13,"Fy.","IF/P",25,0,1,0,4,0,"1","9","10","0.90",34,"Williams",0,0.373,0.0834705882352941,-7.18294573643411,0.3296,-0.428144640950657,-1.10494573643411,"First-Year","Infield"
"191",20,"Billy Shea","Fy.","P/DH",14,24,3,7,1,0,0,7,2,"7",3,0,".292",0.333,0.333,20,"Fy.","P/DH",14,0,1,0,8,1,"1","6","5","1.20",27,"Williams",0,0.666,0.100333333333333,-5.35116279069767,0.5648,-0.290895418465395,-0.422162790697673,"First-Year","Designated Hitter"
"192",27,"David Kwan","Sr.","1B",10,23,3,5,0,0,0,6,4,"6",1,0,".217",0.321,0.217,27,"Sr.","1B",10,0,1,0,5,0,"-","7","5","1.40",28,"Williams",0,0.538,0.101357142857143,-5.52713178294574,0.1296,-0.33414659053985,-0.409131782945735,"Senior","Infield"
"193",26,"Jeremy Irzyk","So.","IF",12,22,2,7,0,0,0,2,3,"1",1,0,".318",0.4,0.318,26,"So.","IF",12,0,0,1,7,0,"1","7","8","0.88",26,"Williams",0,0.718,0.08514,-5.45919379844961,0.1472,-0.332734066750221,-0.801553798449612,"Sophomore","Infield"
"194",17,"Jacob Basil","Fy.","IF",6,6,6,2,0,0,0,0,0,"1",1,0,".333",0.429,0.333,17,"Fy.","IF",6,1,0,1,2,0,"1","2","1","2.00",8,"Williams",0,0.762,0.105042857142857,-1.55632336655592,0.1824,-0.082878495500693,-0.0874090808416388,"First-Year","Infield"
"195",1,"John DiGravio","So.","UTL.",1,0,1,0,0,0,0,0,0,"-",0,0,"-",0,0,1,"So.","UTL.",1,0,0,0,0,0,"-","-","-","-",0,"Williams",0,0,NA,NA,0,NA,NA,"Sophomore","Utility"
