last_name, first_name,year,player_age,p_game,p_formatted_ip,p_total_pa,p_ab,p_total_hits,p_home_run,p_strikeout,p_walk,p_k_percent,p_bb_percent,batting_avg,slg_percent,on_base_percent,on_base_plus_slg,p_earned_run,p_era,xba,xslg,woba,xwoba,xobp,xiso,exit_velocity_avg,launch_angle_avg,barrel_batted_rate,
Yarbrough, Ryan,2019,28,28,141.2,563,530,121,15,117,20,20.8,3.6,.228,.383,.266,.649,65,,.256,.401,.273,.299,.295,.145,84.8,15.1,7.0,
Wood, Hunter,2019,26,36,45.1,195,180,46,7,39,12,20.0,6.2,.256,.417,.303,.719,15,,.252,.401,.303,.301,.301,.150,87.3,19.8,4.9,
Weber, Ryan,2019,29,18,40.2,181,169,48,5,29,8,16.0,4.4,.284,.462,.326,.788,23,,.263,.417,.333,.311,.308,.155,87.8,8.1,4.3,
Voth, Austin,2019,27,9,43.2,174,155,33,5,44,13,25.3,7.5,.213,.394,.282,.675,16,,.217,.369,.282,.281,.288,.152,87.7,19.5,4.4,
Trivino, Lou,2019,28,61,60.0,269,230,61,7,57,31,21.2,11.5,.265,.426,.353,.779,35,,.227,.341,.333,.298,.326,.115,86.9,16,3.9,
Tinoco, Jesus,2019,24,24,36.0,161,137,36,12,28,22,17.4,13.7,.263,.599,.366,.965,19,,.278,.571,.393,.398,.382,.293,88.7,10,11.8,
Stroman, Marcus,2019,28,32,184.1,774,711,183,18,159,58,20.5,7.5,.257,.384,.313,.697,66,,.248,.377,.300,.298,.306,.130,88.2,5.6,4.1,
Sale, Chris,2019,30,25,147.1,612,556,123,24,218,37,35.6,6.0,.221,.412,.283,.695,72,,.215,.385,.294,.287,.279,.170,88.5,12.9,8.1,
Sanchez, Anibal,2019,35,30,166.0,712,647,153,22,134,58,18.8,8.1,.236,.406,.302,.708,71,,.254,.428,.296,.316,.319,.174,87,14.7,6.6,
Sadler, Casey,2019,29,33,46.1,194,174,41,5,31,13,16.0,6.7,.236,.362,.299,.661,11,,.255,.388,.284,.309,.322,.133,88.6,9.1,2.7,
Price, David,2019,34,22,107.1,458,422,109,15,128,32,27.9,7.0,.258,.441,.314,.755,51,,.246,.432,.319,.314,.304,.186,88.4,12.6,8.1,
Peralta, Freddy,2019,23,39,85.0,382,339,87,15,115,37,30.1,9.7,.257,.457,.330,.787,50,,.224,.416,.333,.309,.304,.192,90.1,18.7,9.6,
Parsons, Wes,2019,27,32,34.2,157,121,32,6,26,29,16.6,18.5,.264,.455,.401,.856,21,,.303,.499,.366,.399,.438,.196,89.2,8.5,7.0,
Paddack, Chris,2019,23,26,140.2,568,524,107,23,153,31,26.9,5.5,.204,.380,.254,.633,52,,.222,.394,.268,.285,.273,.172,87.8,15.5,7.1,
Oberg, Scott,2019,29,49,56.0,223,199,39,5,58,23,26.0,10.3,.196,.291,.278,.569,14,,.231,.376,.249,.300,.313,.145,88.2,8,6.3,
Norris, Daniel,2019,26,32,144.1,610,560,154,25,125,38,20.5,6.2,.275,.473,.321,.795,72,,.269,.481,.334,.339,.319,.212,90.9,11.7,8.8,
Morton, Charlie,2019,36,33,194.2,790,717,154,15,240,57,30.4,7.2,.215,.340,.282,.623,66,,.222,.347,.270,.281,.290,.125,86.9,9.2,5.0,
Morin, Mike,2019,28,52,50.2,210,193,46,6,26,10,12.4,4.8,.238,.383,.286,.669,26,,.278,.455,.287,.334,.326,.177,86.6,14,5.9,
Milone, Tommy,2019,32,23,111.2,453,423,102,24,94,23,20.8,5.1,.241,.485,.280,.765,59,,.249,.480,.313,.323,.292,.230,87.3,16.5,9.9,
Martin, Chris,2019,33,58,55.2,216,209,52,9,65,5,30.1,2.3,.249,.411,.264,.675,21,,.247,.432,.281,.294,.264,.185,88.7,8.2,8.9,
Marshall, Evan,2019,29,55,50.2,209,184,42,5,41,24,19.6,11.5,.228,.353,.316,.669,14,,.237,.388,.289,.310,.325,.151,86.9,9.8,5.6,
Magill, Matt,2019,30,50,50.2,229,203,51,7,64,20,27.9,8.7,.251,.438,.319,.757,23,,.259,.448,.316,.328,.330,.189,90.9,13.7,9.1,
Lopez, Yoan,2019,26,70,60.2,246,224,52,11,42,17,17.1,6.9,.232,.446,.280,.727,23,,.312,.556,.298,.383,.358,.245,92.2,11.9,9.6,
Lopez, Jorge,2019,26,39,123.2,548,489,140,27,109,42,19.9,7.7,.286,.513,.350,.864,87,,.274,.521,.360,.367,.343,.247,90.4,10.2,11.9,
Lester, Jon,2019,35,31,171.2,764,698,205,26,165,52,21.6,6.8,.294,.470,.343,.813,85,,.277,.461,.344,.341,.332,.184,88.6,12.2,7.4,
Leake, Mike,2019,32,32,197.0,835,793,227,41,127,27,15.2,3.2,.286,.506,.316,.822,94,,.298,.526,.341,.360,.328,.229,90.7,11.6,8.8,
Law, Derek,2019,29,58,60.2,285,238,61,8,67,40,23.5,14.0,.256,.437,.365,.802,33,,.246,.393,.342,.331,.361,.148,89.5,8.5,4.6,
Lamet, Dinelson,2019,27,14,73.0,313,274,62,12,105,30,33.5,9.6,.226,.409,.310,.719,33,,.221,.389,.308,.304,.309,.168,88.2,16.3,8.1,
Jackson, Luke,2019,28,70,72.2,315,286,76,10,106,26,33.7,8.3,.266,.402,.330,.732,31,,.204,.345,.311,.268,.275,.142,88.8,2.4,7.2,
Hudson, Daniel,2019,32,69,73.0,304,267,56,8,71,27,23.4,8.9,.210,.363,.286,.649,20,,.229,.435,.277,.314,.306,.207,89.3,15.7,8.9,
Hudson, Dakota,2019,25,33,174.2,757,652,160,22,136,86,18.0,11.4,.245,.403,.337,.740,65,,.264,.424,.316,.340,.357,.160,89.3,3.3,6.8,
Harris, Will,2019,35,68,60.0,229,214,42,6,62,14,27.1,6.1,.196,.294,.245,.539,10,,.225,.369,.235,.278,.273,.145,87.5,4.3,5.9,
Hardy, Blaine,2019,32,39,44.1,182,164,38,10,29,13,15.9,7.1,.232,.470,.280,.750,22,,.253,.487,.308,.343,.310,.234,86,12.2,10.7,
Hand, Brad,2019,29,60,57.1,242,219,53,6,84,18,34.7,7.4,.242,.384,.310,.693,21,,.228,.385,.292,.288,.298,.157,88.2,20.7,6.6,
Guerra, Junior,2019,34,72,83.2,344,299,58,11,77,36,22.4,10.5,.194,.351,.285,.636,33,,.225,.388,.275,.306,.316,.163,86.8,14.4,6.2,
Givens, Mychal,2019,29,58,63.0,260,230,49,13,86,26,33.1,10.0,.213,.426,.296,.722,32,,.225,.425,.303,.311,.307,.201,88.9,15,11.0,
Gausman, Kevin,2019,28,31,102.1,451,401,113,15,114,32,25.3,7.1,.282,.454,.333,.786,65,,.257,.452,.332,.327,.319,.195,88.7,13.8,8.0,
Garcia, Yimi,2019,29,64,62.1,247,225,40,15,66,14,26.7,5.7,.178,.427,.243,.670,25,,.184,.370,.276,.263,.251,.186,87.2,23.5,7.5,
Garcia, Edgar,2019,23,37,39.0,172,143,38,11,45,26,26.2,15.1,.266,.531,.372,.904,25,,.246,.506,.374,.359,.358,.260,89.6,17,12.9,
Fedde, Erick,2019,26,21,78.0,334,293,81,11,41,33,12.3,9.9,.276,.451,.347,.798,39,,.318,.525,.339,.391,.391,.207,89.2,7.2,7.4,
Drake, Oliver,2019,32,50,56.0,219,199,36,9,70,19,32.0,8.7,.181,.357,.256,.612,20,,.205,.361,.261,.278,.278,.156,88.9,7.9,7.0,
Clarke, Taylor,2019,26,23,84.2,369,327,86,23,68,30,18.4,8.1,.263,.550,.331,.881,50,,.262,.517,.361,.357,.332,.256,89.3,16,12.1,
Chen, Wei-Yin,2019,34,45,68.1,307,280,87,15,63,18,20.5,5.9,.311,.557,.358,.915,50,,.288,.511,.378,.360,.342,.223,89.4,14.4,8.6,
Chatwood, Tyler,2019,30,38,76.2,324,280,65,8,74,37,22.8,11.4,.232,.354,.330,.684,32,,.267,.374,.302,.330,.364,.107,87.7,4.7,2.9,
Buchter, Ryan,2019,32,64,45.1,198,167,42,8,50,23,25.3,11.6,.251,.455,.338,.793,15,,.268,.475,.334,.353,.361,.207,88.6,21.6,7.3,
Boyd, Matthew,2019,28,32,185.1,788,721,178,39,238,50,30.2,6.3,.247,.465,.299,.764,94,,.224,.412,.320,.298,.283,.188,89.2,19.4,8.8,
Biddle, Jesse,2019,28,30,28.0,152,124,42,5,26,22,17.1,14.5,.339,.524,.447,.972,26,,.338,.573,.411,.431,.450,.235,91.4,10.7,11.0,
Armstrong, Shawn,2019,29,55,58.0,271,234,66,8,63,29,23.2,10.7,.282,.449,.365,.814,37,,.260,.458,.347,.348,.351,.199,88.1,21.1,9.1,
Alcantara, Victor,2019,26,46,42.2,182,163,45,8,24,15,13.2,8.2,.276,.485,.341,.825,23,,.296,.537,.348,.383,.363,.241,90.9,7.9,9.2,
Young, Alex,2019,26,17,83.1,349,315,72,14,71,27,20.3,7.7,.229,.413,.295,.708,33,,.252,.441,.298,.323,.319,.189,87.8,10.2,7.3,
Workman, Brandon,2019,31,73,71.2,286,235,29,1,104,45,36.4,15.7,.123,.166,.266,.432,15,,.178,.240,.208,.260,.314,.062,88.2,9.5,0.7,
Webb, Logan,2019,23,8,39.2,174,158,44,5,37,14,21.3,8.0,.278,.456,.339,.795,23,,.298,.467,.336,.354,.357,.170,89.1,7.7,5.7,
Weaver, Luke,2019,26,12,64.1,260,242,55,6,69,14,26.5,5.4,.227,.368,.277,.645,21,,.258,.435,.274,.316,.306,.177,89.9,14.6,6.3,
Vincent, Nick,2019,33,32,44.2,194,176,47,8,47,12,24.2,6.2,.267,.460,.325,.785,22,,.265,.458,.324,.332,.328,.193,90,16.1,6.9,
Velazquez, Hector,2019,31,34,56.1,247,211,58,7,49,28,19.8,11.3,.275,.460,.360,.820,34,,.268,.466,.349,.354,.360,.198,88.4,16.1,7.8,
Urquidy, Jose,2019,24,9,41.0,167,158,38,6,40,7,24.0,4.2,.241,.405,.269,.675,18,,.236,.439,.285,.299,.268,.204,87,17.8,10.0,
Suero, Wander,2019,28,78,71.1,296,264,64,5,81,26,27.4,8.8,.242,.352,.314,.666,36,,.258,.410,.286,.318,.330,.152,89,11,5.9,
Strahm, Matt,2019,28,46,114.2,487,453,121,22,118,22,24.2,4.5,.267,.477,.308,.785,60,,.259,.481,.326,.327,.303,.222,89,15.9,9.7,
Smeltzer, Devin,2019,24,11,49.0,202,189,50,8,38,12,18.8,5.9,.265,.466,.312,.777,21,,.283,.500,.326,.351,.330,.217,90.2,16.7,7.3,
Scherzer, Max,2019,35,27,172.1,693,650,144,18,243,33,35.1,4.8,.222,.371,.266,.636,56,,.206,.342,.269,.258,.253,.136,87.6,13.5,6.6,
Ross, Tyson,2019,32,7,35.1,162,142,41,7,25,18,15.4,11.1,.289,.493,.370,.863,24,,.308,.561,.364,.400,.388,.253,89.6,7.4,11.9,
Rodney, Fernando,2019,42,55,47.2,210,182,49,5,49,28,23.3,13.3,.269,.396,.367,.762,30,,.240,.386,.332,.321,.343,.146,87.6,9.2,7.5,
Ray, Robbie,2019,28,33,174.1,747,642,150,30,235,84,31.5,11.2,.234,.441,.320,.761,84,,.232,.437,.323,.327,.327,.205,88.9,14.7,10.7,
Plutko, Adam,2019,28,21,109.1,462,430,115,22,78,26,16.9,5.6,.267,.488,.314,.802,59,,.270,.465,.333,.331,.317,.195,88.1,19.9,7.6,
Plesac, Zach,2019,24,21,115.2,475,430,102,19,88,40,18.5,8.4,.237,.437,.305,.742,49,,.278,.484,.315,.353,.344,.206,89.6,14.4,8.1,
Paxton, James,2019,31,29,150.2,633,570,138,23,186,55,29.4,8.7,.242,.423,.308,.731,64,,.228,.390,.310,.299,.298,.163,89.2,17.6,7.4,
Nicasio, Juan,2019,33,47,47.1,217,191,57,4,45,21,20.7,9.7,.298,.440,.369,.808,25,,.288,.449,.339,.351,.366,.162,89.4,9.7,8.7,
McGee, Jake,2019,33,45,41.1,180,163,47,11,35,11,19.4,6.1,.288,.564,.339,.903,20,,.262,.496,.368,.345,.321,.234,90.1,15.9,9.9,
Leclerc, Jose,2019,26,70,68.2,299,249,52,7,100,39,33.4,13.0,.209,.373,.324,.698,33,,.175,.292,.306,.271,.301,.117,87.2,19.1,4.5,
Lambert, Peter,2019,22,19,89.1,420,371,119,18,57,36,13.6,8.6,.321,.571,.383,.955,72,,.304,.498,.395,.371,.374,.193,89.8,7.4,6.2,
Kolarek, Adam,2019,30,80,55.0,229,210,48,7,45,16,19.7,7.0,.229,.376,.293,.669,20,,.236,.374,.281,.289,.300,.138,87.6,0.3,6.1,
Kluber, Corey,2019,33,7,35.2,168,148,44,4,38,15,22.6,8.9,.297,.453,.369,.822,23,,.256,.461,.353,.340,.335,.205,86.9,13.6,8.9,
Kinley, Tyler,2019,28,52,49.1,221,181,43,5,46,36,20.8,16.3,.238,.359,.362,.721,20,,.241,.377,.318,.330,.368,.136,88,14.8,4.3,
Kelly, Joe,2019,31,55,51.1,226,201,49,6,62,22,27.4,9.7,.244,.383,.327,.711,26,,.220,.358,.306,.291,.307,.138,89.1,0.9,5.8,
Kelley, Shawn,2019,35,50,47.1,205,189,55,12,43,11,21.0,5.4,.291,.550,.332,.882,26,,.283,.556,.362,.367,.330,.273,88.3,19.3,11.4,
Kahnle, Tommy,2019,30,72,61.1,248,225,45,9,88,20,35.5,8.1,.200,.364,.270,.635,25,,.202,.339,.272,.269,.273,.137,88.4,6.1,5.8,
Herrera, Kelvin,2019,30,57,51.1,235,208,60,8,53,23,22.6,9.8,.288,.462,.357,.819,35,,.268,.436,.339,.326,.342,.169,86.7,18,8.2,
Hendriks, Liam,2019,30,75,85.0,332,304,61,5,124,21,37.3,6.3,.201,.309,.253,.562,17,,.185,.308,.237,.234,.242,.123,89.8,21.1,5.9,
Guerra, Javy,2019,34,51,67.2,287,267,67,10,57,17,19.9,5.9,.251,.427,.296,.723,35,,.254,.457,.301,.317,.301,.203,89.4,17.7,8.0,
Gsellman, Robert,2019,26,52,63.2,277,245,64,7,60,23,21.7,8.3,.261,.429,.336,.764,33,,.237,.357,.326,.298,.319,.120,86,12.6,3.7,
Gray, Sonny,2019,30,31,175.1,708,622,122,17,205,68,29.0,9.6,.196,.325,.278,.603,56,,.214,.362,.265,.290,.298,.148,88.1,9,6.8,
Gray, Jon,2019,28,26,150.0,637,567,147,19,150,56,23.5,8.8,.259,.437,.325,.762,64,,.271,.432,.323,.332,.340,.161,89.9,8.4,5.9,
Gonzalez, Chi Chi,2019,27,14,63.0,278,240,59,11,46,33,16.5,11.9,.246,.446,.335,.780,37,,.279,.466,.334,.363,.370,.186,88.2,12,5.6,
Giles, Ken,2019,29,53,53.0,208,191,36,5,83,17,39.9,8.2,.188,.319,.255,.574,11,,.184,.320,.247,.248,.251,.136,88.2,15.5,8.3,
Gant, John,2019,27,64,66.1,269,235,51,4,60,34,22.3,12.6,.217,.323,.316,.639,27,,.236,.330,.283,.298,.333,.095,87,9.6,2.9,
Floro, Dylan,2019,29,50,46.2,201,182,46,4,42,14,20.9,7.0,.253,.374,.308,.682,22,,.260,.397,.285,.303,.319,.138,87.7,9.9,5.6,
Fiers, Mike,2019,34,33,184.2,754,683,166,30,126,53,16.7,7.0,.243,.408,.302,.711,80,,.266,.473,.303,.343,.329,.207,88.1,15.8,7.2,
Farmer, Buck,2019,28,73,67.2,288,251,62,8,73,24,25.3,8.3,.247,.422,.316,.738,28,,.238,.426,.312,.314,.313,.189,89.5,10,7.5,
Elias, Roenis,2019,31,48,50.0,216,195,46,10,47,18,21.8,8.3,.236,.426,.301,.727,22,,.259,.476,.307,.341,.329,.217,88.7,15.6,9.3,
Davis, Wade,2019,34,50,42.2,206,175,51,7,42,29,20.4,14.1,.291,.474,.398,.872,41,,.273,.460,.374,.366,.382,.188,89.4,14.9,7.5,
Cortes, Nestor,2019,25,33,66.2,298,267,75,16,69,28,23.2,9.4,.281,.494,.349,.843,42,,.268,.473,.353,.345,.341,.205,87.8,18.3,8.0,
Castillo, Luis,2019,27,32,190.2,781,688,139,22,226,79,28.9,10.1,.202,.343,.288,.631,72,,.210,.335,.277,.283,.298,.125,87.3,5.9,5.1,
Canning, Griffin,2019,23,18,90.1,384,341,80,14,96,30,25.0,7.8,.235,.431,.307,.738,46,,.223,.410,.312,.306,.300,.187,87.9,17.4,7.6,
Bumgarner, Madison,2019,30,34,207.2,844,780,191,30,203,43,24.1,5.1,.245,.426,.289,.715,90,,.258,.466,.300,.325,.305,.209,90.4,18.3,9.0,
Buehler, Walker,2019,25,30,182.1,737,685,153,20,215,37,29.2,5.0,.223,.368,.267,.635,66,,.231,.376,.270,.282,.277,.145,89.3,12.5,5.4,
Bieber, Shane,2019,24,34,214.1,859,810,186,31,259,40,30.2,4.7,.230,.393,.270,.663,78,,.244,.430,.280,.303,.284,.187,90.5,12.3,8.7,
Bedrosian, Cam,2019,28,59,61.1,258,232,48,7,64,22,24.8,8.5,.207,.336,.283,.619,22,,.220,.365,.270,.295,.299,.145,89,10.3,5.9,
Arrieta, Jake,2019,33,24,135.2,594,527,149,21,110,51,18.5,8.6,.283,.448,.348,.796,70,,.272,.459,.339,.343,.344,.187,89.3,6.8,6.8,
Anderson, Nick,2019,29,68,65.0,264,243,52,8,110,18,41.7,6.8,.214,.374,.273,.647,24,,.201,.365,.269,.264,.262,.165,90.2,19.6,9.0,
Anderson, Brett,2019,31,31,176.0,743,682,181,20,90,49,12.1,6.6,.265,.408,.315,.723,76,,.287,.489,.308,.353,.340,.202,89.6,5,7.3,
Almonte, Yency,2019,25,28,34.0,157,140,39,7,29,14,18.5,8.9,.279,.514,.344,.858,21,,.293,.555,.359,.381,.359,.261,90.7,17.3,12.4,
Agrazal, Dario,2019,25,15,73.1,321,290,82,15,41,18,12.8,5.6,.283,.497,.343,.839,40,,.281,.487,.354,.355,.343,.207,87.3,14.8,6.7,
Ynoa, Gabriel,2019,26,36,110.2,480,450,126,29,67,26,14.0,5.4,.280,.536,.323,.858,69,,.290,.546,.354,.368,.333,.256,90,11.1,10.2,
Wood, Alex,2019,28,7,35.2,153,141,41,11,30,9,19.6,5.9,.291,.589,.333,.922,23,,.312,.552,.381,.382,.358,.240,89,13.4,9.7,
Velasquez, Vince,2019,27,33,117.1,516,458,120,26,130,43,25.2,8.3,.262,.498,.333,.831,64,,.254,.475,.347,.341,.330,.221,90.8,17.7,10.2,
Tomlin, Josh,2019,35,51,79.1,320,307,82,14,51,7,15.9,2.2,.267,.463,.278,.741,33,,.276,.477,.308,.323,.291,.201,89.1,17.8,6.5,
Swanson, Erik,2019,26,27,58.0,245,230,56,17,52,12,21.2,4.9,.243,.517,.286,.803,37,,.263,.525,.328,.348,.307,.262,91.4,16.4,12.3,
Suarez, Ranger,2019,24,37,48.2,205,187,52,6,42,12,20.5,5.9,.278,.417,.317,.734,17,,.267,.408,.310,.306,.311,.141,87.3,5.2,5.3,
Stratton, Chris,2019,29,35,76.0,344,310,93,13,69,33,20.1,9.6,.300,.506,.366,.873,47,,.270,.426,.366,.334,.345,.156,88.4,11.8,5.0,
Stanek, Ryne,2019,28,63,77.0,327,285,61,11,89,39,27.2,11.9,.214,.382,.306,.688,34,,.227,.423,.293,.321,.322,.196,90.3,18,9.5,
Soria, Joakim,2019,35,71,69.0,278,252,51,9,79,20,28.4,7.2,.202,.341,.266,.607,33,,.218,.392,.261,.291,.284,.175,87.4,15.1,9.1,
Skaggs, Tyler,2019,28,15,79.2,335,302,73,9,78,28,23.3,8.4,.242,.381,.307,.688,38,,.263,.430,.297,.327,.328,.168,88.6,15.6,6.2,
Shaw, Bryan,2019,32,70,72.0,311,275,69,12,58,29,18.6,9.3,.251,.465,.331,.797,43,,.260,.434,.337,.337,.344,.174,90.5,7.3,6.8,
Sandoval, Patrick,2019,23,10,39.1,169,146,35,6,42,19,24.9,11.2,.240,.425,.325,.750,22,,.259,.415,.322,.334,.348,.156,88.4,9.2,5.6,
Sanchez, Aaron,2019,27,27,131.1,605,521,145,20,115,68,19.0,11.2,.278,.457,.370,.827,86,,.265,.444,.353,.348,.361,.179,89.8,8.9,7.6,
Ryu, Hyun Jin,2019,32,29,182.2,723,685,160,17,163,24,22.5,3.3,.234,.359,.260,.619,47,,.256,.381,.263,.289,.286,.126,86.6,7.2,4.7,
Roe, Chaz,2019,33,71,51.0,229,195,49,3,65,31,28.4,13.5,.251,.349,.354,.702,23,,.232,.343,.310,.306,.341,.111,86.5,12.3,3.8,
Rainey, Tanner,2019,27,52,48.1,214,170,32,6,74,38,34.6,17.8,.188,.347,.346,.693,21,,.195,.348,.310,.318,.355,.153,90.7,7.5,8.2,
Peralta, Wily,2019,30,42,40.1,176,152,45,7,24,19,13.6,10.8,.296,.487,.375,.862,26,,.282,.533,.364,.381,.371,.250,90.3,12.2,10.7,
Odorizzi, Jake,2019,29,30,159.0,658,593,139,16,178,53,27.1,8.1,.234,.371,.298,.669,62,,.233,.406,.289,.304,.300,.173,89.2,18.1,7.8,
Neris, Hector,2019,30,68,67.2,275,242,45,10,89,24,32.4,8.7,.186,.339,.273,.612,22,,.200,.346,.265,.280,.288,.146,88.8,13,7.1,
Moronta, Reyes,2019,26,56,56.2,246,208,41,4,70,33,28.5,13.4,.197,.298,.313,.611,18,,.203,.363,.274,.301,.318,.160,87.6,17.5,6.4,
Montgomery, Mike,2019,30,33,91.0,402,359,113,18,69,34,17.2,8.5,.315,.535,.376,.910,50,,.309,.526,.383,.384,.376,.217,90.3,7,8.2,
Mills, Alec,2019,28,9,36.0,152,134,31,5,42,11,27.6,7.2,.231,.396,.322,.718,11,,.245,.443,.311,.336,.334,.198,88.4,11.1,7.6,
Martinez, Carlos,2019,28,48,48.1,200,177,39,2,53,18,26.5,9.0,.220,.288,.300,.588,17,,.215,.344,.263,.284,.298,.129,87.2,7.2,6.3,
Lyles, Jordan,2019,29,28,141.0,599,538,131,25,146,55,24.4,9.2,.243,.454,.312,.766,65,,.235,.433,.321,.315,.307,.198,89.9,14.8,8.3,
Luciano, Elvis,2019,19,25,33.2,159,131,36,4,27,24,17.0,15.1,.275,.450,.396,.847,20,,.262,.440,.364,.358,.386,.178,89.7,13.7,7.6,
Lorenzen, Michael,2019,27,73,83.1,343,307,68,9,85,28,24.8,8.2,.221,.355,.286,.641,27,,.222,.349,.277,.282,.292,.127,85.5,11.7,3.1,
Lopez, Pablo,2019,23,21,111.1,469,425,111,15,95,27,20.3,5.8,.261,.435,.318,.753,63,,.260,.440,.318,.327,.320,.181,88.2,10,7.4,
Kline, Branden,2019,28,34,41.0,183,160,44,9,34,19,18.6,10.4,.275,.506,.350,.856,27,,.305,.534,.360,.391,.383,.230,89.9,12.1,9.4,
Kennedy, Ian,2019,35,63,63.1,266,245,64,6,73,17,27.4,6.4,.261,.363,.308,.672,24,,.225,.379,.291,.284,.278,.155,88.6,14.7,6.3,
Jurado, Ariel,2019,23,32,122.1,541,487,148,21,81,36,15.0,6.7,.304,.526,.348,.873,79,,.297,.523,.362,.370,.349,.227,90,9.4,10.0,
James, Josh,2019,26,49,61.1,266,227,46,10,100,35,37.6,13.2,.203,.374,.320,.694,32,,.174,.294,.304,.271,.296,.119,89.7,16.9,4.7,
Jackson, Edwin,2019,36,18,67.2,336,299,105,23,52,32,15.5,9.5,.351,.686,.417,1.102,72,,.313,.598,.449,.412,.386,.285,91.1,11.9,12.0,
Iglesias, Raisel,2019,29,68,67.0,279,254,61,12,89,21,31.9,7.5,.240,.441,.301,.742,31,,.225,.382,.307,.287,.291,.158,87.9,20.3,7.8,
Hirano, Yoshihisa,2019,35,62,53.0,233,205,51,7,61,22,26.2,9.4,.249,.395,.326,.721,28,,.218,.387,.308,.300,.305,.169,88.2,11.4,5.4,
Hill, Tim,2019,29,46,39.2,161,143,31,4,39,13,24.2,8.1,.217,.336,.298,.634,16,,.207,.333,.275,.273,.292,.125,88.2,3.7,4.8,
Hill, Rich,2019,39,13,58.2,242,215,48,10,72,18,29.8,7.4,.223,.395,.289,.685,16,,.204,.334,.292,.271,.281,.130,86.8,10.6,4.7,
Hernandez, Felix,2019,33,15,71.2,325,292,85,17,57,25,17.5,7.7,.291,.551,.357,.908,51,,.284,.531,.378,.374,.352,.247,91.9,11,10.1,
Hendricks, Kyle,2019,30,30,177.0,730,675,168,19,150,32,20.5,4.4,.249,.397,.286,.683,68,,.254,.405,.291,.302,.296,.151,86.5,14,5.4,
Harper, Ryne,2019,30,61,54.1,225,210,54,7,50,10,22.2,4.4,.257,.419,.289,.708,23,,.268,.460,.297,.324,.304,.193,89.2,14.8,6.7,
Goody, Nick,2019,28,39,40.2,173,149,30,7,50,22,28.9,12.7,.201,.389,.301,.690,16,,.181,.301,.291,.258,.280,.121,85.3,27.3,4.0,
Gonsolin, Tony,2019,25,11,40.0,163,146,26,4,37,15,22.7,9.2,.178,.322,.258,.580,13,,.225,.383,.252,.300,.302,.158,88.6,15.8,2.7,
Godley, Zack,2019,29,33,92.0,407,354,96,14,70,42,17.2,10.3,.271,.469,.351,.820,61,,.279,.487,.347,.366,.364,.208,89.5,11.6,8.3,
Fry, Paul,2019,27,66,57.1,255,219,54,7,55,29,21.6,11.4,.247,.402,.349,.751,34,,.235,.360,.326,.313,.341,.125,88,2.9,4.8,
Eflin, Zach,2019,25,32,163.1,705,642,172,28,129,48,18.3,6.8,.268,.452,.321,.772,75,,.251,.425,.325,.313,.309,.174,88.2,12,6.9,
DeSclafani, Anthony,2019,29,31,166.2,696,635,151,29,167,49,24.0,7.0,.238,.422,.293,.715,72,,.238,.413,.300,.305,.299,.175,89.1,12.3,7.1,
Chapman, Aroldis,2019,31,60,57.0,235,205,38,3,85,25,36.2,10.6,.185,.263,.272,.536,14,,.194,.280,.242,.262,.287,.087,86.9,12.3,4.9,
Cashner, Andrew,2019,33,42,150.0,636,570,144,19,108,58,17.0,9.1,.253,.418,.324,.741,78,,.266,.472,.317,.348,.338,.206,89.7,10.3,7.7,
Carrasco, Carlos,2019,32,23,80.0,341,319,92,18,96,16,28.2,4.7,.288,.542,.323,.865,47,,.267,.504,.356,.339,.306,.238,91.5,13.3,12.8,
Carpenter, Ryan,2019,29,9,40.2,197,180,61,12,25,13,12.7,6.6,.339,.628,.386,1.014,42,,.317,.557,.415,.388,.368,.240,90.7,13.6,9.6,
Bettis, Chad,2019,30,39,63.2,287,259,78,10,42,21,14.6,7.3,.301,.498,.362,.860,43,,.272,.425,.361,.329,.339,.153,90,2.6,5.5,
Beeks, Jalen,2019,26,33,104.1,464,409,115,12,89,40,19.2,8.6,.281,.435,.353,.789,50,,.278,.456,.337,.349,.354,.179,88.5,10.1,7.4,
Beede, Tyler,2019,26,24,117.0,523,468,127,22,113,46,21.6,8.8,.271,.462,.340,.802,66,,.269,.483,.339,.351,.341,.214,91.3,11.5,8.4,
Andriese, Matt,2019,30,54,70.2,310,275,72,8,79,27,25.5,8.7,.262,.425,.329,.754,37,,.231,.395,.317,.298,.305,.165,89.1,7.6,6.5,
Alvarez, Jose,2019,30,67,59.0,255,232,66,8,51,18,20.0,7.1,.284,.431,.333,.764,22,,.267,.416,.319,.314,.320,.150,86.1,7.7,4.9,
Yates, Kirby,2019,32,60,60.2,243,221,41,2,101,13,41.6,5.3,.186,.262,.251,.513,8,,.174,.265,.228,.229,.243,.091,86.9,11,4.1,
Wojciechowski, Asher,2019,31,17,82.1,361,323,80,17,80,28,22.2,7.8,.248,.483,.324,.807,45,,.250,.491,.339,.345,.327,.241,88.1,21.4,10.7,
Wingenter, Trey,2019,25,51,51.0,218,182,34,5,72,28,33.0,12.8,.187,.324,.307,.632,32,,.201,.338,.282,.302,.326,.137,88.7,15.2,7.1,
Wheeler, Zack,2019,29,31,195.1,828,760,196,22,195,50,23.6,6.0,.258,.391,.300,.690,86,,.251,.405,.294,.304,.301,.154,87,12.3,5.3,
Watson, Tony,2019,34,60,54.0,231,212,56,9,41,12,17.7,5.2,.264,.439,.316,.755,25,,.267,.448,.320,.328,.321,.182,87.4,11.1,6.4,
Wainwright, Adam,2019,38,31,171.2,745,662,181,22,153,64,20.5,8.6,.273,.440,.340,.779,80,,.269,.439,.330,.335,.342,.170,88.9,10.2,6.5,
Waguespack, Jacob,2019,26,16,78.0,335,301,75,12,63,29,18.8,8.7,.249,.439,.325,.764,38,,.276,.475,.325,.353,.350,.199,89.1,14.8,7.1,
Vazquez, Felipe,2019,28,56,60.0,236,218,43,5,90,13,38.1,5.5,.197,.317,.254,.571,11,,.207,.350,.247,.268,.264,.144,87.2,14.3,7.0,
Stammen, Craig,2019,35,76,82.0,339,319,80,13,73,15,21.5,4.4,.251,.433,.286,.719,30,,.244,.398,.298,.289,.281,.154,87,5.5,5.2,
Smith, Will,2019,30,63,65.1,257,235,46,10,96,21,37.4,8.2,.196,.357,.261,.618,20,,.210,.356,.261,.273,.275,.146,89.6,13.9,6.4,
Smith, Caleb,2019,28,28,153.1,646,573,128,33,168,60,26.0,9.3,.223,.454,.300,.754,77,,.230,.470,.315,.328,.309,.240,88.6,23.3,10.9,
Sims, Lucas,2019,25,24,43.0,177,154,31,8,57,19,32.2,10.7,.201,.416,.294,.709,22,,.184,.356,.302,.279,.281,.172,88.7,25,6.1,
Rodriguez, Jefry,2019,26,10,46.2,203,178,48,5,33,21,16.3,10.3,.270,.427,.340,.767,24,,.260,.456,.325,.341,.339,.196,90.7,10,6.7,
Ramirez, Noe,2019,30,51,67.2,280,254,59,9,79,20,28.2,7.1,.232,.398,.300,.698,30,,.215,.370,.297,.287,.287,.155,87.3,15.7,5.7,
Ramirez, Nick,2019,30,46,79.2,348,308,76,11,74,35,21.3,10.1,.247,.425,.322,.747,36,,.247,.426,.313,.321,.326,.179,86.8,11.5,7.6,
Porcello, Rick,2019,31,32,174.1,768,712,198,31,143,45,18.6,5.9,.278,.483,.324,.807,107,,.265,.487,.338,.337,.314,.223,88.4,15.6,9.4,
Pineda, Michael,2019,30,26,146.0,600,558,141,23,140,28,23.3,4.7,.253,.430,.290,.720,65,,.254,.448,.301,.316,.295,.194,89.6,16.5,7.3,
Petit, Yusmeiro,2019,35,80,83.0,308,294,57,11,71,10,23.1,3.2,.194,.361,.218,.578,25,,.217,.411,.240,.276,.244,.194,87.8,21.4,7.5,
Nola, Aaron,2019,26,34,202.1,852,755,176,27,229,80,26.9,9.4,.233,.393,.313,.707,87,,.239,.403,.304,.315,.321,.165,89.2,9.2,6.8,
Montas, Frankie,2019,26,16,96.0,394,365,84,8,103,23,26.1,5.8,.230,.364,.282,.646,28,,.237,.366,.276,.284,.288,.129,87,9.9,3.8,
Mayza, Tim,2019,27,68,51.1,227,196,45,8,55,27,24.2,11.9,.230,.418,.322,.740,28,,.257,.443,.313,.339,.350,.186,87.1,6.1,7.0,
Mahle, Tyler,2019,25,25,129.2,556,512,136,25,129,34,23.2,6.1,.266,.457,.317,.774,74,,.255,.442,.326,.321,.308,.187,89.3,9.1,8.3,
LeBlanc, Wade,2019,35,26,121.1,532,498,145,28,92,31,17.3,5.8,.291,.534,.333,.867,77,,.282,.500,.359,.348,.325,.218,89.4,13.9,7.8,
Keuchel, Dallas,2019,31,19,112.2,487,434,115,16,91,39,18.7,8.0,.265,.426,.335,.761,47,,.263,.429,.327,.333,.337,.166,88.8,2.9,6.9,
Guerrero, Tayron,2019,28,52,46.0,216,171,42,7,43,36,19.9,16.7,.246,.415,.389,.804,32,,.246,.456,.352,.370,.391,.210,90.2,13.5,10.7,
Jeffress, Jeremy,2019,32,48,52.0,225,201,54,5,46,17,20.4,7.6,.269,.393,.338,.731,29,,.273,.441,.319,.341,.345,.168,86.9,7.7,5.7,
Irvin, Cole,2019,25,16,41.2,181,162,45,7,31,13,17.1,7.2,.278,.457,.337,.794,27,,.306,.536,.334,.377,.366,.230,85.9,15.5,7.5,
Holland, Derek,2019,33,51,84.1,376,318,82,20,82,45,21.8,12.0,.258,.497,.348,.845,57,,.246,.500,.356,.358,.348,.254,91,14.3,12.2,
Hartlieb, Geoff,2019,26,29,35.0,171,148,52,8,38,18,22.2,10.5,.351,.608,.409,1.017,35,,.303,.516,.418,.374,.371,.213,90.4,8.8,9.6,
Happ, J.A.,2019,37,31,161.1,678,621,160,34,140,49,20.6,7.2,.258,.469,.316,.784,88,,.261,.468,.329,.334,.320,.208,89.2,13.7,8.3,
Hale, David,2019,32,20,37.2,157,148,39,2,23,7,14.6,4.5,.264,.412,.299,.712,13,,.255,.364,.298,.285,.292,.109,86.1,8.7,2.4,
Grace, Matt,2019,31,51,46.2,206,191,61,11,35,10,17.0,4.9,.319,.560,.354,.915,33,,.315,.570,.379,.386,.352,.256,91.1,7.2,11.9,
Gonzalez, Gio,2019,34,19,87.1,366,325,76,9,78,37,21.3,10.1,.234,.397,.309,.706,34,,.253,.428,.304,.328,.330,.175,87.4,9.9,6.8,
Giolito, Lucas,2019,25,29,176.2,705,640,131,24,228,57,32.3,8.1,.205,.373,.272,.646,67,,.218,.373,.275,.287,.287,.155,88.1,17.7,9.4,
Fried, Max,2019,25,33,165.2,702,644,174,21,173,47,24.6,6.7,.270,.419,.322,.741,74,,.254,.387,.315,.303,.310,.134,89.2,4.3,4.4,
Freeland, Kyle,2019,26,22,104.1,473,426,126,25,79,39,16.7,8.2,.296,.554,.353,.907,78,,.292,.512,.372,.366,.353,.221,89.5,10,8.8,
Font, Wilmer,2019,29,48,84.1,356,322,78,17,95,29,26.7,8.1,.242,.488,.309,.797,42,,.230,.427,.330,.310,.302,.197,89.1,17.6,9.6,
Doolittle, Sean,2019,33,63,60.0,260,242,63,11,66,15,25.4,5.8,.260,.463,.308,.771,27,,.239,.459,.321,.313,.289,.221,90.9,24.9,8.5,
Davies, Zach,2019,26,31,159.2,672,606,155,20,102,51,15.2,7.6,.256,.416,.310,.725,63,,.284,.477,.310,.348,.340,.194,88.7,13.8,7.2,
Crick, Kyle,2019,27,52,49.0,226,183,41,10,61,35,27.0,15.5,.224,.432,.367,.799,27,,.182,.346,.345,.307,.336,.164,86.8,14.4,6.5,
Clevinger, Mike,2019,29,21,126.0,499,459,96,10,169,37,33.9,7.4,.209,.331,.271,.602,38,,.209,.349,.261,.270,.270,.140,86.4,13.1,5.8,
Cessa, Luis,2019,27,43,81.0,343,305,75,14,75,31,21.9,9.0,.246,.433,.318,.751,37,,.231,.377,.317,.302,.311,.146,88.3,10.7,5.1,
Castro, Miguel,2019,25,65,73.1,319,272,63,10,71,41,22.3,12.9,.232,.386,.326,.712,38,,.221,.365,.303,.301,.321,.145,87.1,9.4,6.3,
Bummer, Aaron,2019,26,58,67.2,262,234,43,4,60,24,22.9,9.2,.184,.252,.267,.519,16,,.198,.278,.235,.256,.285,.080,89.6,-2.7,2.3,
Berrios, Jose,2019,25,32,200.1,842,774,194,26,195,51,23.2,6.1,.251,.404,.302,.706,82,,.248,.424,.300,.310,.300,.176,87,13.9,6.5,
Barnes, Jacob,2019,29,33,32.2,160,136,36,7,32,22,20.0,13.8,.265,.478,.363,.840,27,,.265,.459,.352,.352,.364,.194,89.2,7.3,7.5,
Archer, Chris,2019,31,23,119.2,526,458,114,25,143,55,27.2,10.5,.249,.461,.329,.790,69,,.263,.485,.334,.352,.346,.222,89.4,14.4,10.5,
Anderson, Shaun,2019,25,28,96.0,427,382,111,13,70,38,16.4,8.9,.291,.461,.354,.814,58,,.302,.493,.345,.366,.369,.191,88.5,12.1,7.3,
Allard, Kolby,2019,22,9,45.1,208,185,52,3,33,19,15.9,9.1,.281,.389,.351,.740,25,,.282,.401,.322,.331,.354,.120,88.5,10.3,2.6,
Alexander, Tyler,2019,25,13,53.2,235,225,68,9,47,7,20.0,3.0,.302,.507,.328,.834,29,,.276,.492,.347,.334,.303,.216,90.4,17.2,7.3,
Zimmermann, Jordan,2019,33,23,112.0,504,466,145,19,82,25,16.3,5.0,.311,.526,.349,.875,86,,.302,.533,.363,.370,.345,.231,90.2,12.6,9.5,
Yacabonis, Jimmy,2019,27,29,41.0,193,166,51,9,33,24,17.1,12.4,.307,.554,.399,.953,31,,.292,.545,.398,.393,.386,.253,90.7,15.6,11.2,
Wacha, Michael,2019,28,29,126.2,562,493,143,26,104,55,18.5,9.8,.290,.503,.358,.861,67,,.281,.500,.360,.363,.355,.218,88.3,9.7,7.8,
Suarez, Jose,2019,21,19,81.0,375,329,100,23,72,33,19.2,8.8,.304,.565,.381,.947,64,,.277,.490,.394,.364,.361,.214,88.8,16.3,8.8,
Sparkman, Glenn,2019,27,31,136.0,606,554,164,30,81,41,13.4,6.8,.296,.527,.348,.875,91,,.295,.525,.364,.370,.350,.229,90.8,14.2,7.7,
Soroka, Mike,2019,22,29,174.2,701,647,153,14,142,41,20.3,5.8,.236,.340,.287,.627,52,,.265,.402,.272,.312,.317,.137,88.1,6.6,5.1,
Sheffield, Justus,2019,23,8,36.0,168,145,44,5,37,18,22.0,10.7,.303,.490,.387,.877,22,,.246,.405,.376,.328,.341,.159,90.7,7.1,5.5,
Shafer, Justin,2019,27,34,39.2,182,155,41,6,39,25,21.4,13.7,.265,.484,.368,.852,17,,.236,.411,.355,.321,.346,.175,88.4,19,7.7,
Rondon, Hector,2019,31,62,60.2,257,231,56,10,48,20,18.7,7.8,.242,.442,.311,.753,25,,.240,.414,.319,.316,.312,.174,87.1,8.2,7.0,
Rodriguez, Richard,2019,29,72,65.1,285,258,65,14,63,23,22.1,8.1,.252,.434,.316,.750,27,,.240,.423,.315,.311,.307,.184,89.8,16.8,7.7,
Rodon, Carlos,2019,27,7,34.2,158,138,33,4,46,17,29.1,10.8,.239,.391,.323,.714,20,,.211,.360,.307,.300,.305,.150,89.8,14.5,7.4,
Richards, Trevor,2019,26,30,135.1,580,510,127,19,127,56,21.9,9.7,.249,.422,.324,.746,61,,.241,.419,.316,.319,.324,.178,88.5,17.7,6.4,
Pruitt, Austin,2019,30,14,47.0,193,177,47,7,39,12,20.2,6.2,.266,.452,.306,.758,23,,.260,.424,.314,.310,.306,.164,88.3,6.5,7.7,
Poche, Colin,2019,25,51,51.2,207,182,33,9,72,19,34.8,9.2,.181,.374,.275,.649,27,,.171,.337,.279,.263,.268,.166,89.5,30.2,9.0,
Perez, Martin,2019,28,32,165.1,737,659,184,23,135,67,18.3,9.1,.279,.439,.345,.783,94,,.250,.394,.334,.312,.321,.144,86.2,9.5,5.3,
Perdomo, Luis,2019,26,47,72.0,296,274,69,6,55,18,18.6,6.1,.252,.372,.301,.673,32,,.267,.420,.289,.317,.317,.154,90.3,5.5,4.1,
Pena, Felix,2019,29,22,96.1,407,366,80,16,101,34,24.8,8.4,.219,.402,.295,.696,49,,.253,.436,.298,.329,.326,.183,89,13.3,6.8,
Parker, Blake,2019,34,60,61.1,255,226,53,13,65,22,25.5,8.6,.235,.438,.306,.744,31,,.276,.493,.315,.358,.348,.217,88.9,14.7,9.1,
Pagan, Emilio,2019,28,66,70.0,267,252,45,12,96,13,36.0,4.9,.179,.369,.221,.590,18,,.176,.308,.245,.225,.218,.133,89.3,21.4,6.4,
Osuna, Roberto,2019,24,66,65.0,253,237,45,8,73,12,28.9,4.7,.190,.321,.233,.554,19,,.214,.363,.237,.266,.257,.150,86.1,13.9,6.0,
Osich, Josh,2019,31,57,67.2,272,256,62,15,61,15,22.4,5.5,.242,.469,.283,.752,35,,.254,.457,.311,.317,.296,.203,88.3,9.8,7.7,
Musgrove, Joe,2019,27,32,170.1,718,662,168,21,157,39,21.9,5.4,.254,.437,.301,.737,84,,.253,.429,.309,.312,.301,.176,88.9,11.7,6.4,
Miley, Wade,2019,33,33,167.1,720,646,164,23,140,61,19.4,8.5,.254,.406,.319,.725,74,,.249,.389,.311,.311,.321,.140,87.5,8.2,4.3,
Martin, Brett,2019,24,51,62.1,280,257,72,7,62,18,22.1,6.4,.280,.416,.329,.745,33,,.271,.426,.315,.327,.327,.155,89.8,6.3,5.6,
Marquez, German,2019,24,28,174.0,721,671,174,29,175,35,24.3,4.9,.259,.441,.297,.738,92,,.276,.469,.311,.335,.317,.193,91.2,7,7.9,
Lugo, Seth,2019,30,61,80.0,314,291,56,8,104,16,33.1,5.1,.192,.316,.245,.561,24,,.186,.327,.237,.241,.240,.141,88.2,14.5,5.3,
Lucchesi, Joey,2019,26,30,163.2,686,619,144,23,158,56,23.0,8.2,.233,.405,.294,.700,76,,.234,.402,.298,.305,.300,.168,88.3,11.4,7.2,
Keller, Mitch,2019,23,11,48.0,227,207,72,6,65,16,28.6,7.0,.348,.546,.392,.938,38,,.258,.389,.392,.308,.317,.131,87.6,11.3,6.2,
Hernandez, David,2019,34,47,42.2,198,173,53,7,53,20,26.8,10.1,.306,.538,.374,.911,38,,.255,.423,.376,.321,.336,.168,89.3,20.5,8.9,
Hembree, Heath,2019,30,45,39.2,173,152,34,7,46,18,26.6,10.4,.224,.454,.318,.772,17,,.219,.443,.322,.319,.314,.225,89,26.6,8.5,
Hellickson, Jeremy,2019,32,9,39.0,183,160,47,9,30,20,16.4,10.9,.294,.525,.372,.897,27,,.298,.538,.375,.387,.379,.241,86.4,15.8,9.1,
Greinke, Zack,2019,36,33,208.2,810,767,175,21,187,30,23.1,3.7,.228,.364,.258,.622,68,,.243,.397,.263,.288,.276,.154,87.5,11,6.3,
Gaviglio, Sam,2019,29,52,95.2,392,362,85,18,88,22,22.4,5.6,.235,.434,.283,.717,49,,.236,.434,.301,.308,.286,.198,88.3,10.2,6.5,
Gallegos, Giovanny,2019,28,66,74.0,279,259,44,9,93,16,33.3,5.7,.170,.320,.226,.546,19,,.189,.346,.231,.254,.246,.157,88.3,19.6,7.2,
Erlin, Robbie,2019,29,37,55.1,251,231,72,6,52,15,20.7,6.0,.312,.437,.351,.788,33,,.280,.454,.336,.334,.326,.173,87.9,9.8,6.0,
Eickhoff, Jerad,2019,29,12,58.1,245,222,58,18,51,18,20.8,7.3,.261,.563,.318,.881,37,,.255,.542,.364,.358,.317,.287,89.2,16.9,10.9,
Duplantier, Jon,2019,25,15,36.2,163,138,39,2,34,18,20.9,11.0,.283,.391,.380,.772,18,,.266,.452,.339,.356,.370,.187,89.3,13.1,7.5,
Dugger, Robert,2019,24,7,34.1,156,130,33,6,25,17,16.0,10.9,.254,.469,.353,.822,22,,.275,.497,.345,.368,.373,.223,90,15.5,6.4,
Duffey, Tyler,2019,29,58,57.2,238,219,44,8,82,14,34.5,5.9,.201,.338,.256,.594,16,,.206,.364,.254,.268,.264,.158,89.4,14.5,8.0,
Diekman, Jake,2019,32,76,62.0,282,228,49,3,84,39,29.8,13.8,.215,.316,.351,.667,32,,.207,.305,.303,.302,.349,.099,88,9.1,4.1,
Devenski, Chris,2019,29,61,69.0,298,270,69,13,72,21,24.2,7.0,.256,.470,.312,.782,37,,.231,.413,.327,.304,.293,.183,88.7,19.7,8.4,
Conley, Adam,2019,29,60,60.2,283,247,76,10,53,29,18.7,10.2,.308,.522,.382,.904,44,,.277,.467,.375,.348,.359,.191,88.6,16.1,6.6,
Cole, Gerrit,2019,29,33,212.1,817,762,142,29,326,48,39.9,5.9,.186,.343,.236,.579,59,,.185,.320,.246,.241,.235,.135,87.6,14,5.9,
Claudio, Alex,2019,27,83,62.0,267,232,57,8,44,24,16.5,9.0,.246,.422,.326,.748,28,,.244,.363,.318,.311,.333,.119,85.8,3.3,4.2,
Brebbia, John,2019,29,66,72.2,304,273,59,6,87,27,28.6,8.9,.216,.333,.293,.626,29,,.210,.354,.271,.279,.288,.144,87.9,23.4,5.3,
Brooks, Aaron,2019,29,29,110.0,482,436,118,21,82,34,17.0,7.1,.271,.493,.336,.829,69,,.270,.487,.348,.351,.337,.217,89.7,12.2,7.9,
Britton, Zack,2019,32,66,61.1,245,209,38,3,53,32,21.6,13.1,.182,.254,.290,.543,13,,.200,.299,.247,.277,.307,.099,87.8,-8.4,5.0,
Brewer, Colten,2019,27,58,54.2,253,213,59,6,52,34,20.6,13.4,.277,.427,.375,.803,25,,.255,.387,.344,.331,.360,.132,88.8,6.7,5.5,
Brault, Steven,2019,27,25,113.1,505,441,117,15,100,53,19.8,10.5,.265,.438,.350,.788,65,,.261,.446,.338,.343,.351,.184,90.5,10.2,6.1,
Bradley, Archie,2019,27,66,71.2,317,272,67,5,87,36,27.4,11.4,.246,.371,.341,.712,28,,.248,.385,.311,.321,.346,.137,88.8,11.7,4.8,
Bass, Anthony,2019,32,44,48.0,189,168,30,5,43,17,22.8,9.0,.179,.304,.254,.558,19,,.246,.382,.241,.310,.322,.136,88,5.7,4.7,
Barria, Jaime,2019,23,19,82.2,365,334,92,24,75,27,20.5,7.4,.275,.572,.332,.903,59,,.273,.530,.370,.362,.332,.257,89.9,18.6,10.7,
Bailey, Homer,2019,33,31,163.1,696,632,162,21,149,53,21.4,7.6,.256,.403,.315,.718,83,,.268,.430,.307,.328,.329,.162,90.3,13.8,5.7,
Baez, Pedro,2019,31,71,69.2,276,247,43,6,69,23,25.0,8.3,.174,.287,.254,.541,24,,.184,.304,.239,.252,.265,.120,87.4,21.6,2.8,
deGrom, Jacob,2019,31,32,204.0,804,745,154,19,255,44,31.7,5.5,.207,.323,.255,.578,55,,.207,.329,.250,.256,.258,.122,86.5,12.7,5.0,
Yamamoto, Jordan,2019,23,15,78.2,325,282,54,11,82,36,25.2,11.1,.191,.355,.292,.647,39,,.234,.391,.281,.316,.330,.158,89.9,17.2,6.4,
Wittgren, Nick,2019,28,55,57.2,231,216,47,10,60,15,26.0,6.5,.218,.407,.268,.676,18,,.254,.466,.285,.325,.305,.212,92.4,15.8,9.6,
Wilson, Justin,2019,32,45,39.0,166,145,33,4,44,19,26.5,11.4,.228,.345,.325,.670,11,,.213,.322,.294,.285,.314,.109,85.3,6.3,5.0,
Webb, Tyler,2019,29,65,55.0,221,192,33,7,48,23,21.7,10.4,.172,.328,.262,.591,23,,.220,.373,.252,.294,.308,.153,86.4,15.4,5.4,
Thornton, Trent,2019,26,32,154.1,677,603,156,24,149,61,22.0,9.0,.259,.439,.328,.767,83,,.262,.440,.325,.333,.334,.179,88.2,16.8,7.4,
Teheran, Julio,2019,28,33,174.2,754,645,148,22,162,83,21.5,11.0,.229,.389,.325,.714,74,,.243,.418,.310,.329,.341,.176,89,15.5,6.9,
Taylor, Josh,2019,26,52,47.1,194,175,40,5,62,16,32.0,8.2,.229,.343,.299,.642,16,,.213,.346,.280,.280,.293,.133,86.5,13.1,7.0,
Strasburg, Stephen,2019,31,33,209.0,841,768,161,24,251,56,29.8,6.7,.210,.349,.270,.619,77,,.214,.346,.265,.272,.277,.132,87.9,7.8,6.1,
Springs, Jeffrey,2019,27,25,32.1,155,129,38,4,32,23,20.6,14.8,.295,.488,.394,.882,23,,.280,.449,.375,.361,.386,.169,88,21,6.1,
Sampson, Adrian,2019,28,35,125.1,563,516,156,29,101,36,17.9,6.4,.302,.568,.357,.925,82,,.299,.551,.382,.380,.355,.252,91,15.4,10.1,
Sabathia, CC,2019,39,23,107.1,468,422,112,27,107,39,22.9,8.3,.265,.512,.329,.841,59,,.244,.421,.351,.317,.312,.178,87,14.9,8.2,
Rogers, Taylor,2019,29,60,69.0,278,258,58,8,90,11,32.4,4.0,.225,.353,.270,.622,20,,.199,.344,.266,.255,.249,.145,88.1,6.8,7.6,
Roark, Tanner,2019,33,31,165.1,722,655,180,28,158,51,21.9,7.1,.275,.467,.338,.805,80,,.275,.477,.340,.349,.341,.202,89,15.4,8.4,
Pressly, Ryan,2019,31,55,54.1,211,197,37,6,72,12,34.1,5.7,.188,.310,.232,.542,14,,.208,.332,.233,.255,.254,.125,86.6,6.8,6.3,
Ponce de Leon, Daniel,2019,27,13,48.2,203,174,36,6,52,26,25.6,12.8,.207,.351,.315,.666,20,,.210,.358,.287,.296,.318,.149,88.3,15.2,6.5,
Peacock, Brad,2019,31,23,91.2,383,344,78,15,96,31,25.1,8.1,.227,.427,.298,.725,42,,.227,.417,.306,.309,.300,.190,90.1,14.3,8.0,
Nova, Ivan,2019,32,34,187.0,806,743,225,30,114,47,14.1,5.8,.303,.483,.349,.832,98,,.299,.483,.351,.357,.349,.184,88.8,10.7,7.2,
Minor, Mike,2019,32,32,208.1,863,779,190,30,200,68,23.2,7.9,.244,.395,.307,.702,83,,.233,.397,.301,.303,.301,.164,86.9,16.5,7.0,
Miller, Shelby,2019,29,19,44.0,220,183,58,8,30,29,13.6,13.2,.317,.497,.409,.906,42,,.284,.494,.384,.385,.393,.210,89.6,13.7,7.6,
Mikolas, Miles,2019,31,32,184.0,764,710,193,27,144,32,18.8,4.2,.272,.449,.310,.760,85,,.281,.459,.319,.336,.324,.178,88.5,10.3,6.1,
Mengden, Daniel,2019,26,13,59.2,260,232,59,7,42,27,16.2,10.4,.254,.422,.331,.753,32,,.265,.443,.322,.339,.342,.178,89.1,19,5.8,
McFarland, T.J.,2019,30,51,56.0,250,225,71,6,35,20,14.0,8.0,.316,.471,.368,.839,30,,.309,.491,.350,.361,.366,.182,88.4,0,6.2,
McKay, Brendan,2019,24,13,49.0,216,198,53,8,56,16,25.9,7.4,.268,.475,.319,.794,28,,.261,.461,.333,.329,.315,.200,91.2,17.5,10.4,
McCarthy, Kevin,2019,27,56,60.1,268,239,68,4,38,21,14.2,7.8,.285,.414,.340,.754,30,,.266,.400,.315,.312,.331,.134,89.9,3.6,4.3,
Margevicius, Nick,2019,23,17,57.0,263,238,73,12,42,19,16.0,7.2,.307,.546,.361,.907,43,,.298,.515,.379,.370,.358,.218,88.5,10.3,7.0,
Liriano, Francisco,2019,36,69,70.0,301,259,60,8,63,35,20.9,11.6,.232,.382,.326,.708,27,,.224,.375,.309,.310,.327,.151,85.8,9.5,5.0,
Kittredge, Andrew,2019,29,37,49.2,210,194,51,7,58,12,27.6,5.7,.263,.407,.310,.717,23,,.230,.377,.305,.285,.281,.147,86.9,6.3,5.1,
Kingham, Nick,2019,28,25,55.2,259,229,78,11,46,25,17.8,9.7,.341,.598,.398,.996,45,,.281,.497,.416,.360,.352,.216,88.5,14.5,8.0,
Kershaw, Clayton,2019,31,29,178.1,706,654,145,28,189,41,26.8,5.8,.222,.394,.266,.661,60,,.235,.405,.281,.296,.283,.170,88.7,11.6,6.8,
Kelly, Merrill,2019,31,32,183.1,777,709,184,29,158,57,20.3,7.3,.260,.447,.313,.760,90,,.275,.503,.319,.351,.331,.228,89.9,12.4,9.5,
Keller, Brad,2019,24,28,165.1,709,624,154,15,122,70,17.2,9.9,.247,.381,.329,.710,77,,.262,.423,.307,.335,.345,.161,89.1,9.1,5.9,
Junis, Jakob,2019,27,31,175.1,771,696,192,31,164,58,21.3,7.5,.276,.468,.339,.807,102,,.276,.491,.340,.353,.340,.215,90.1,12.7,8.6,
Johnson, Brian,2019,29,21,40.1,193,168,53,6,31,23,16.1,11.9,.315,.536,.394,.929,27,,.261,.468,.388,.345,.350,.208,89.3,14.2,9.4,
Hughes, Jared,2019,34,72,71.1,289,255,57,13,54,27,18.7,9.3,.224,.424,.298,.721,32,,.245,.406,.306,.319,.324,.162,89.7,1.3,6.8,
Holder, Jonathan,2019,26,34,41.1,181,168,43,8,46,11,25.4,6.1,.256,.452,.309,.762,29,,.234,.415,.319,.299,.289,.181,88.3,16.1,8.2,
Hess, David,2019,26,23,80.0,365,327,94,28,68,30,18.6,8.2,.287,.609,.345,.954,63,,.308,.617,.390,.406,.367,.309,92.3,18.2,13.2,
Heaney, Andrew,2019,28,18,95.1,409,370,93,20,118,30,28.9,7.3,.251,.454,.318,.772,52,,.238,.440,.325,.319,.308,.202,90.4,18.5,9.8,
Gott, Trevor,2019,27,50,52.2,214,190,41,4,57,17,26.6,7.9,.216,.316,.280,.596,26,,.234,.408,.261,.307,.301,.175,88.6,13.3,6.5,
Garrett, Amir,2019,27,69,56.0,246,207,44,7,78,35,31.7,14.2,.213,.357,.337,.695,20,,.204,.307,.307,.293,.332,.103,87.5,5.1,3.9,
Garcia, Jarlin,2019,26,53,50.2,206,185,40,4,39,16,18.9,7.8,.216,.319,.282,.600,17,,.251,.412,.259,.316,.321,.161,88.5,11.4,6.0,
Ferguson, Caleb,2019,23,46,44.2,204,167,39,7,54,27,26.5,13.2,.234,.419,.353,.772,24,,.247,.410,.331,.337,.367,.163,87.3,14.9,6.8,
Diaz, Edwin,2019,25,66,58.0,254,225,58,15,99,22,39.0,8.7,.258,.502,.331,.833,36,,.203,.367,.344,.279,.284,.164,90.1,16.2,10.1,
Covey, Dylan,2019,28,18,58.2,280,245,75,12,41,28,14.6,10.0,.306,.506,.379,.885,52,,.327,.562,.372,.405,.399,.235,89.9,11.2,9.6,
Corbin, Patrick,2019,30,33,202.0,835,746,169,24,238,70,28.5,8.4,.227,.375,.290,.665,73,,.229,.419,.285,.308,.298,.190,89.9,8.4,9.4,
Civale, Aaron,2019,24,10,57.2,227,204,44,4,46,16,20.3,7.0,.216,.368,.269,.636,15,,.236,.349,.269,.282,.292,.114,87,15,2.4,
Cimber, Adam,2019,29,68,56.2,244,218,56,6,41,19,16.8,7.8,.257,.394,.324,.718,28,,.259,.398,.307,.316,.329,.139,87.9,4.8,5.6,
Chirinos, Yonny,2019,26,26,133.1,530,498,112,23,114,28,21.5,5.3,.225,.414,.270,.683,57,,.263,.465,.286,.327,.307,.203,88.1,11.3,8.8,
Chavez, Jesse,2019,36,48,78.0,337,307,82,12,72,22,21.4,6.5,.267,.463,.323,.786,42,,.276,.484,.331,.348,.333,.209,88.1,13.2,8.8,
Chafin, Andrew,2019,29,77,52.2,225,202,52,6,68,18,30.2,8.0,.257,.366,.320,.686,22,,.250,.399,.301,.312,.318,.150,87.9,12.5,7.3,
Cease, Dylan,2019,24,14,73.0,326,288,78,15,81,35,24.8,10.7,.271,.486,.353,.839,47,,.247,.432,.353,.329,.332,.185,87.9,12.1,7.7,
Burnes, Corbin,2019,25,32,49.0,235,212,70,17,70,20,29.8,8.5,.330,.623,.383,1.006,48,,.280,.512,.417,.361,.342,.232,90,10.7,11.7,
Brigham, Jeff,2019,27,32,38.1,161,145,36,8,39,14,24.2,8.7,.248,.448,.317,.765,19,,.268,.488,.318,.345,.335,.221,88.4,19.7,9.3,
Brice, Austin,2019,27,36,44.2,199,173,37,7,46,18,23.1,9.0,.214,.364,.312,.676,17,,.222,.357,.292,.298,.320,.135,88,13.6,5.5,
Brennan, Brandon,2019,28,44,47.1,196,169,34,6,47,24,24.0,12.2,.201,.355,.296,.651,24,,.220,.368,.272,.291,.312,.149,87.9,5.3,8.0,
Brasier, Ryan,2019,32,62,55.2,241,214,51,9,61,21,25.3,8.7,.238,.411,.311,.722,30,,.251,.454,.306,.333,.329,.203,89,16.7,9.0,
Biagini, Joe,2019,29,63,64.2,281,253,71,14,60,26,21.4,9.3,.281,.514,.349,.863,33,,.285,.510,.358,.364,.354,.225,88.4,9.3,8.8,
Barraclough, Kyle,2019,29,43,33.2,164,139,38,9,40,21,24.4,12.8,.273,.518,.372,.890,21,,.281,.571,.371,.395,.384,.289,90.7,13.1,13.9,
Anderson, Chase,2019,32,32,139.0,592,526,126,23,124,50,20.9,8.4,.240,.449,.311,.759,65,,.251,.431,.320,.325,.325,.181,87.3,19.8,6.6,
Williams, Trevor,2019,27,26,145.2,636,571,162,27,113,44,17.8,6.9,.284,.513,.335,.848,87,,.278,.490,.351,.350,.336,.212,88,17.2,8.3,
Verlander, Justin,2019,36,34,223.0,847,796,137,36,300,42,35.4,5.0,.172,.361,.218,.579,64,,.188,.350,.243,.250,.235,.162,87.3,18.2,7.2,
Vargas, Jason,2019,36,30,149.2,649,566,141,21,124,63,19.1,9.7,.249,.424,.324,.748,75,,.247,.451,.318,.331,.326,.205,87.6,16.7,7.9,
Swarzak, Anthony,2019,34,59,53.1,234,207,52,12,52,27,22.2,11.5,.251,.454,.338,.792,27,,.256,.464,.332,.341,.343,.208,89.9,12.9,9.0,
Tanaka, Masahiro,2019,31,32,182.0,759,713,186,28,149,40,19.6,5.3,.261,.450,.300,.751,90,,.265,.441,.314,.322,.307,.176,89,11,6.0,
Taillon, Jameson,2019,28,7,37.1,158,147,34,4,30,8,19.0,5.1,.231,.401,.278,.680,17,,.269,.451,.284,.326,.316,.182,89,7.7,6.8,
Strop, Pedro,2019,34,50,41.2,178,152,33,6,49,20,27.5,11.2,.217,.408,.326,.734,23,,.208,.388,.314,.311,.321,.181,89.3,9,9.6,
Stripling, Ross,2019,30,32,90.2,370,344,84,11,93,20,25.1,5.4,.244,.413,.286,.699,35,,.237,.388,.294,.289,.281,.152,89.2,10.5,6.7,
Straily, Dan,2019,31,14,47.2,236,209,73,22,33,22,14.0,9.3,.349,.746,.411,1.157,52,,.343,.727,.464,.459,.406,.384,91.4,21.6,16.2,
Soto, Gregory,2019,24,33,57.2,276,240,74,9,45,33,16.3,12.0,.308,.496,.388,.884,37,,.297,.513,.372,.382,.382,.215,91.1,8.4,10.1,
Snell, Blake,2019,27,23,107.0,441,399,96,14,147,40,33.3,9.1,.241,.391,.311,.702,51,,.207,.333,.301,.270,.280,.127,88.3,15,4.7,
Senzatela, Antonio,2019,24,25,124.2,582,514,161,19,76,57,13.1,9.8,.313,.506,.381,.887,93,,.300,.482,.373,.367,.374,.182,90.1,4.9,6.1,
Santiago, Hector,2019,32,19,33.2,163,140,42,8,40,22,24.5,13.5,.300,.557,.393,.950,25,,.273,.534,.395,.382,.371,.262,89.2,21.2,14.9,
Samardzija, Jeff,2019,34,32,181.1,740,677,152,28,140,49,18.9,6.6,.225,.411,.280,.690,71,,.259,.481,.289,.335,.315,.222,89.5,16.9,8.4,
Romo, Sergio,2019,36,65,60.1,249,226,50,7,60,17,24.1,6.8,.221,.372,.277,.649,23,,.212,.376,.271,.275,.272,.165,84.9,19.6,5.3,
Robles, Hansel,2019,29,71,72.2,283,262,58,6,75,16,26.5,5.7,.221,.332,.261,.594,20,,.216,.353,.254,.263,.261,.137,89,15.4,4.7,
Richard, Clayton,2019,36,10,45.1,201,178,53,9,22,18,10.9,9.0,.298,.522,.373,.896,30,,.303,.515,.376,.388,.382,.212,92.1,5.1,9.6,
Reid-Foley, Sean,2019,24,9,31.2,150,126,33,5,28,21,18.7,14.0,.262,.444,.373,.818,15,,.254,.437,.352,.350,.368,.184,88.9,11.7,7.1,
Quantrill, Cal,2019,24,23,103.0,443,407,106,15,89,28,20.1,6.3,.260,.430,.309,.739,59,,.269,.444,.311,.327,.320,.176,87.9,11.9,7.1,
Pomeranz, Drew,2019,31,46,104.0,455,403,105,21,137,44,30.1,9.7,.261,.467,.336,.803,56,,.232,.419,.340,.317,.315,.186,89.6,14.3,8.9,
Pivetta, Nick,2019,26,30,93.2,421,370,103,20,89,39,21.1,9.3,.278,.516,.347,.863,56,,.269,.478,.359,.354,.346,.209,89.7,11.2,10.0,
Pannone, Thomas,2019,25,37,73.0,325,286,73,13,69,31,21.2,9.5,.255,.455,.338,.793,50,,.256,.477,.335,.352,.343,.222,89.5,18.6,9.6,
Ottavino, Adam,2019,34,73,66.1,283,237,47,5,88,40,31.1,14.1,.198,.308,.314,.623,14,,.181,.290,.276,.271,.306,.109,85.3,14.5,4.6,
Melancon, Mark,2019,34,66,67.1,284,263,71,4,68,18,23.9,6.3,.270,.357,.320,.678,27,,.252,.349,.292,.287,.304,.097,88.6,3,2.0,
Lauer, Eric,2019,24,30,149.2,651,589,158,20,138,51,21.2,7.8,.268,.430,.329,.758,74,,.251,.427,.321,.317,.315,.176,89.8,14.1,5.9,
Kintzler, Brandon,2019,35,62,57.0,227,209,45,5,48,13,21.1,5.7,.215,.359,.273,.632,17,,.238,.397,.265,.297,.296,.159,89.4,8.4,6.8,
Kikuchi, Yusei,2019,28,32,161.2,721,660,195,36,116,50,16.1,6.9,.295,.539,.348,.888,98,,.283,.486,.368,.352,.339,.203,89.2,12.3,7.7,
Jansen, Kenley,2019,32,62,63.0,263,240,51,9,80,16,30.4,6.1,.213,.383,.270,.653,26,,.209,.350,.277,.268,.269,.141,86.4,19.3,6.1,
Holmes, Clay,2019,26,35,50.0,240,194,45,5,56,36,23.3,15.0,.232,.366,.375,.741,31,,.233,.376,.332,.340,.381,.143,88.6,0.4,5.1,
Holland, Greg,2019,34,40,35.2,152,126,25,5,41,24,27.0,15.8,.198,.365,.322,.687,18,,.199,.362,.296,.301,.325,.163,89.4,10.3,5.7,
Hoffman, Jeff,2019,26,15,70.0,315,272,77,21,68,34,21.6,10.8,.283,.588,.365,.953,51,,.289,.560,.390,.390,.376,.271,90.4,15.7,12.9,
Hernandez, Elieser,2019,24,21,82.1,353,314,76,20,85,26,24.1,7.4,.242,.503,.314,.818,46,,.214,.401,.340,.299,.293,.187,86.9,21.4,9.0,
Helsley, Ryan,2019,25,24,36.2,153,139,34,5,32,12,20.9,7.8,.245,.432,.301,.732,12,,.241,.410,.304,.299,.300,.169,88.2,17.9,6.4,
Harvey, Matt,2019,30,12,59.2,266,229,63,13,39,29,14.7,10.9,.275,.528,.357,.886,47,,.310,.551,.368,.401,.398,.241,90.7,12.5,7.7,
Hamels, Cole,2019,36,27,141.2,617,542,141,17,143,56,23.2,9.1,.260,.406,.331,.737,60,,.251,.422,.317,.327,.329,.171,90.3,11.3,7.6,
Hader, Josh,2019,25,61,75.2,289,265,41,15,138,20,47.8,6.9,.155,.366,.225,.591,22,,.158,.325,.247,.236,.228,.167,90.4,26.7,12.6,
Glasnow, Tyler,2019,26,12,60.2,230,215,40,4,76,14,33.0,6.1,.186,.274,.235,.509,12,,.181,.296,.222,.235,.233,.116,87.4,10.5,5.7,
Gearrin, Cory,2019,33,66,55.1,241,211,55,5,47,25,19.5,10.4,.261,.384,.349,.732,25,,.263,.415,.318,.335,.353,.152,88.6,8.3,5.5,
German, Domingo,2019,27,27,143.0,594,548,125,30,153,39,25.8,6.6,.228,.442,.285,.726,64,,.248,.455,.305,.322,.304,.207,89.4,15.2,8.8,
Garcia, Luis,2019,32,64,62.0,278,237,61,13,57,33,20.5,11.9,.257,.443,.356,.799,30,,.253,.440,.342,.344,.356,.187,88.7,10,7.7,
Gallen, Zac,2019,24,15,80.0,334,293,62,8,96,36,28.7,10.8,.212,.355,.305,.660,25,,.220,.369,.287,.298,.313,.149,87,13.6,5.6,
Fry, Jace,2019,26,68,55.0,251,202,44,7,68,43,27.1,17.1,.218,.371,.359,.730,29,,.235,.384,.321,.337,.376,.149,89.2,4.5,5.8,
Feliz, Michael,2019,26,58,56.1,239,208,44,11,73,27,30.5,11.3,.212,.413,.305,.719,25,,.202,.381,.306,.297,.301,.180,87.7,18.8,10.9,
Familia, Jeurys,2019,30,66,60.0,274,226,62,7,63,42,23.0,15.3,.274,.438,.391,.829,38,,.244,.398,.356,.336,.369,.154,87.5,9,6.0,
Eshelman, Thomas,2019,25,10,36.0,164,150,47,12,22,11,13.4,6.7,.313,.593,.360,.953,26,,.310,.558,.389,.390,.364,.248,90.5,16.7,9.2,
Eovaldi, Nathan,2019,29,23,67.2,302,261,72,16,70,35,23.2,11.6,.276,.510,.364,.874,45,,.245,.439,.367,.341,.342,.194,90.8,11.3,8.8,
Dyson, Sam,2019,31,61,62.1,249,230,53,6,55,13,22.1,5.2,.230,.357,.277,.634,23,,.231,.374,.274,.285,.282,.144,89.9,5.4,5.6,
Duffy, Danny,2019,31,23,130.2,555,498,125,21,115,46,20.7,8.3,.251,.438,.323,.760,63,,.264,.474,.323,.346,.336,.211,89.3,16.4,7.5,
Diaz, Jairo,2019,28,56,57.2,245,223,56,7,63,19,25.7,7.8,.251,.430,.314,.745,29,,.240,.377,.315,.301,.307,.137,90.1,8.1,5.6,
Colome, Alex,2019,31,62,61.0,249,220,42,7,55,23,22.1,9.2,.191,.350,.265,.615,19,,.255,.460,.261,.339,.329,.206,91.3,10.4,8.8,
Cole, Taylor,2019,30,38,51.2,231,203,58,2,50,24,21.6,10.4,.286,.399,.364,.763,34,,.280,.380,.325,.321,.359,.100,86.8,7.1,3.2,
Cisnero, Jose,2019,30,35,35.1,162,136,35,5,40,19,24.7,11.7,.257,.449,.352,.800,17,,.225,.372,.336,.306,.333,.147,87.7,17.5,6.0,
Cishek, Steve,2019,33,70,64.0,267,229,48,7,57,29,21.3,10.9,.210,.328,.315,.642,21,,.233,.378,.285,.320,.339,.145,84.7,11.4,5.7,
Cahill, Trevor,2019,31,37,102.1,455,406,111,25,81,39,17.8,8.6,.273,.537,.343,.880,68,,.265,.460,.364,.344,.339,.195,88.8,9.1,7.0,
Buttrey, Ty,2019,26,72,72.1,309,279,69,8,84,23,27.2,7.4,.247,.376,.314,.690,32,,.248,.403,.298,.315,.317,.156,90,13.6,5.6,
Bleier, Richard,2019,32,53,55.1,235,220,65,6,30,8,12.8,3.4,.295,.473,.328,.800,33,,.259,.393,.333,.297,.297,.135,89,1.9,3.1,
Bassitt, Chris,2019,30,28,144.0,612,545,125,21,141,47,23.0,7.7,.229,.394,.302,.697,61,,.236,.396,.299,.308,.311,.161,87.8,15.1,5.1,
Barnes, Matt,2019,29,70,64.1,285,243,51,8,110,38,38.6,13.3,.210,.346,.319,.665,27,,.189,.306,.292,.274,.304,.117,89.5,9.1,5.2,
Alcantara, Sandy,2019,24,32,197.1,838,743,179,23,151,81,18.0,9.7,.241,.397,.320,.717,85,,.248,.432,.308,.327,.329,.184,87.3,11.8,6.5,
Albers, Matt,2019,36,67,59.2,258,222,53,8,57,29,22.1,11.2,.239,.396,.329,.726,34,,.238,.386,.311,.312,.333,.148,87.2,7.7,5.9,
Woodruff, Brandon,2019,26,22,121.2,493,454,109,12,143,30,29.0,6.1,.240,.357,.292,.649,49,,.235,.366,.281,.286,.290,.131,86.1,12.4,4.1,
Wisler, Matt,2019,27,44,51.1,224,206,56,10,63,16,28.1,7.1,.272,.490,.321,.812,32,,.241,.401,.339,.301,.297,.160,88.3,15.7,6.2,
Walden, Marcus,2019,31,70,78.0,327,287,61,6,76,32,23.2,9.8,.213,.341,.300,.641,33,,.237,.354,.280,.303,.326,.117,89.3,7.6,2.8,
VerHagen, Drew,2019,29,22,58.0,258,230,70,9,51,23,19.8,8.9,.304,.504,.376,.880,38,,.267,.438,.370,.342,.345,.171,89.1,8.8,7.2,
Valdez, Framber,2019,26,26,70.2,329,277,74,9,68,44,20.7,13.4,.267,.419,.371,.790,46,,.250,.371,.342,.326,.358,.121,89.5,-1.3,5.2,
Urias, Julio,2019,23,37,79.2,326,293,59,7,85,27,26.1,8.3,.201,.324,.279,.603,22,,.211,.329,.263,.273,.288,.119,84.1,17.6,4.3,
Urena, Jose,2019,28,24,84.2,369,338,99,13,62,26,16.8,7.0,.293,.473,.344,.818,49,,.285,.475,.342,.345,.339,.191,90.7,9.1,7.9,
Turnbull, Spencer,2019,27,30,148.1,656,576,154,14,146,59,22.3,9.0,.267,.413,.349,.762,76,,.258,.431,.329,.335,.342,.173,89.6,9.6,6.7,
Treinen, Blake,2019,31,57,58.2,266,226,58,9,59,37,22.2,13.9,.257,.416,.361,.777,32,,.253,.423,.336,.342,.361,.171,88,12.5,7.7,
Toussaint, Touki,2019,23,24,41.2,198,163,44,5,45,26,22.7,13.1,.270,.417,.389,.806,26,,.226,.386,.352,.328,.357,.160,87.9,14.1,8.3,
Syndergaard, Noah,2019,27,32,197.2,825,758,194,24,202,50,24.5,6.1,.256,.410,.303,.713,94,,.235,.372,.301,.286,.286,.138,86.8,9.9,4.9,
Stephenson, Robert,2019,26,57,64.2,262,236,43,9,81,24,30.9,9.2,.182,.377,.256,.633,27,,.196,.316,.262,.255,.272,.120,87.3,19.1,5.1,
Smyly, Drew,2019,30,25,114.0,514,453,126,32,120,55,23.3,10.7,.278,.558,.356,.915,79,,.264,.522,.379,.365,.346,.258,89,17.8,9.8,
Ryan, Kyle,2019,28,73,61.0,260,226,55,5,58,29,22.3,11.2,.243,.341,.327,.668,24,,.239,.350,.292,.302,.328,.112,88.9,6.1,3.5,
Ruiz, Jose,2019,25,40,40.0,198,167,56,6,35,24,17.7,12.1,.335,.503,.414,.917,25,,.279,.464,.390,.358,.373,.185,88.3,18.6,7.4,
Ross, Joe,2019,26,27,64.0,295,254,74,7,57,33,19.3,11.2,.291,.449,.376,.825,39,,.270,.464,.355,.357,.363,.194,87.5,10.1,7.0,
Rodriguez, Eduardo,2019,26,34,203.1,859,770,195,24,213,75,24.8,8.7,.253,.391,.322,.713,86,,.225,.380,.307,.296,.300,.155,86.3,9.3,5.9,
Rodriguez, Dereck,2019,27,28,99.0,439,398,108,21,71,36,16.2,8.2,.271,.492,.333,.825,62,,.285,.486,.347,.356,.347,.201,89.5,13,7.0,
Quintana, Jose,2019,30,32,171.0,745,678,191,20,152,46,20.4,6.2,.282,.440,.321,.760,89,,.277,.444,.321,.333,.326,.168,90,11.1,5.7,
Peters, Dillon,2019,27,17,72.0,327,293,85,18,55,26,16.8,8.0,.290,.570,.355,.925,43,,.286,.523,.381,.367,.352,.237,89.4,13.6,8.7,
Perez, Oliver,2019,38,67,40.2,173,157,38,5,48,12,27.7,6.9,.242,.427,.306,.733,18,,.221,.351,.306,.276,.288,.130,86.9,10.7,4.5,
Peralta, Wandy,2019,28,47,39.2,172,151,40,11,32,16,18.6,9.3,.265,.523,.337,.860,25,,.282,.500,.349,.366,.360,.218,87.2,6.8,9.0,
Newcomb, Sean,2019,26,55,68.1,293,259,61,8,65,29,22.2,9.9,.236,.375,.317,.692,24,,.243,.387,.299,.312,.326,.144,87.3,11.6,4.6,
Miller, Andrew,2019,34,73,54.2,236,200,45,11,70,27,29.7,11.4,.225,.400,.339,.739,27,,.216,.385,.320,.316,.334,.170,88.5,17,8.4,
Means, John,2019,26,31,155.0,637,590,138,23,121,38,19.0,6.0,.234,.417,.284,.701,62,,.241,.430,.295,.309,.293,.189,87.5,20,6.8,
McHugh, Collin,2019,32,35,74.2,317,280,62,12,82,30,25.9,9.5,.221,.432,.300,.732,39,,.237,.409,.309,.314,.316,.173,88,15.1,7.0,
May, Trevor,2019,30,65,64.1,266,234,43,8,79,26,29.7,9.8,.184,.316,.271,.587,21,,.202,.368,.256,.288,.289,.167,87.8,18.6,7.0,
Matz, Steven,2019,28,32,160.1,691,626,163,27,153,52,22.1,7.5,.260,.454,.321,.775,75,,.260,.461,.325,.332,.324,.200,88.9,10.3,8.6,
Maton, Phil,2019,26,30,36.2,163,147,38,7,33,12,20.2,7.4,.259,.483,.319,.802,25,,.265,.426,.338,.326,.329,.161,86.8,11.6,5.2,
Maeda, Kenta,2019,31,37,153.2,624,564,114,22,169,51,27.1,8.2,.202,.371,.271,.641,69,,.218,.352,.274,.279,.287,.134,86.1,15.4,5.5,
Lynn, Lance,2019,32,33,208.1,875,801,195,21,246,59,28.1,6.7,.243,.390,.299,.689,85,,.231,.384,.294,.292,.289,.154,87.9,13.9,5.9,
Lopez, Reynaldo,2019,25,33,184.0,809,729,203,35,169,65,20.9,8.0,.278,.491,.341,.832,110,,.262,.479,.349,.343,.329,.217,88.8,17.8,7.6,
Leone, Dominic,2019,28,40,40.2,180,156,39,9,46,22,25.6,12.2,.250,.481,.339,.820,25,,.265,.541,.342,.370,.354,.277,90.6,15.4,12.5,
Jimenez, Joe,2019,24,66,59.2,257,230,56,13,82,23,31.9,8.9,.243,.474,.323,.797,29,,.213,.413,.334,.304,.296,.200,88.5,21.9,10.8,
Houser, Adrian,2019,26,35,111.1,462,414,101,14,117,37,25.3,8.0,.244,.399,.310,.708,46,,.223,.353,.302,.283,.294,.130,86.7,5.3,5.0,
Greene, Shane,2019,31,65,62.2,252,230,46,8,64,17,25.4,6.7,.200,.335,.262,.597,16,,.235,.424,.257,.310,.297,.189,89.5,13.6,8.3,
Green, Chad,2019,28,54,69.0,295,267,66,10,98,19,33.2,6.4,.247,.427,.308,.735,32,,.232,.426,.312,.313,.302,.194,91.6,17.6,11.6,
Gonzales, Marco,2019,27,34,203.0,866,794,210,23,147,56,17.0,6.5,.264,.422,.314,.736,90,,.257,.415,.311,.315,.313,.158,88.3,14.7,4.9,
Gibson, Kyle,2019,32,34,160.0,706,637,175,23,160,56,22.7,7.9,.275,.443,.337,.780,86,,.273,.445,.333,.338,.339,.172,88.3,7.1,7.5,
Foltynewicz, Mike,2019,28,21,117.0,491,446,109,23,105,37,21.4,7.5,.244,.460,.301,.761,59,,.259,.460,.319,.331,.319,.201,89.1,15,7.8,
Flaherty, Jack,2019,24,33,196.1,772,704,135,25,231,55,29.9,7.1,.192,.335,.255,.590,60,,.217,.369,.254,.281,.280,.152,86.6,15.5,6.9,
Estevez, Carlos,2019,27,71,72.0,308,280,70,12,81,23,26.3,7.5,.250,.450,.305,.755,30,,.243,.425,.316,.308,.300,.182,90.4,15.5,9.9,
Detwiler, Ross,2019,33,18,69.2,315,282,86,20,46,27,14.6,8.6,.305,.571,.368,.939,51,,.299,.553,.387,.386,.366,.254,90.4,10.4,9.6,
Darvish, Yu,2019,33,31,178.2,731,657,140,33,229,56,31.3,7.7,.213,.411,.283,.694,79,,.227,.405,.294,.302,.297,.178,88.6,12.6,7.4,
Clippard, Tyler,2019,34,53,62.0,241,216,38,8,64,15,26.6,6.2,.176,.356,.249,.605,20,,.187,.355,.260,.268,.262,.168,85.8,23.1,7.7,
Chacin, Jhoulys,2019,31,25,103.1,470,411,115,25,101,46,21.5,9.8,.280,.521,.353,.874,69,,.277,.487,.365,.359,.355,.210,89.5,16.8,7.9,
Castillo, Diego,2019,25,65,68.2,290,257,59,8,81,26,27.9,9.0,.230,.374,.310,.684,26,,.201,.330,.292,.271,.288,.129,87.9,8,5.6,
Bundy, Dylan,2019,27,30,161.2,700,628,161,29,162,58,23.1,8.3,.256,.462,.321,.783,86,,.242,.412,.329,.314,.311,.170,88.2,14,5.9,
Buchholz, Clay,2019,35,12,59.0,254,235,72,13,39,16,15.4,6.3,.306,.566,.350,.916,43,,.301,.566,.378,.384,.349,.265,86.8,10.7,13.2,
Brach, Brad,2019,33,58,54.1,242,205,57,4,60,31,24.8,12.8,.278,.405,.368,.773,33,,.253,.374,.332,.318,.350,.121,88.7,15,4.0,
Bauer, Trevor,2019,28,34,213.0,911,800,184,34,253,82,27.8,9.0,.230,.429,.313,.742,106,,.228,.410,.316,.315,.315,.182,88.7,16.4,8.6,
Bard, Luke,2019,29,32,49.0,199,180,41,8,40,13,20.1,6.5,.228,.394,.296,.691,26,,.255,.434,.294,.325,.323,.179,87.5,17.8,7.1,
Barlow, Scott,2019,27,61,70.1,310,267,64,6,92,37,29.7,11.9,.240,.397,.335,.732,33,,.219,.358,.314,.299,.321,.139,88.7,14.5,6.7,
Banuelos, Manny,2019,28,16,50.2,235,198,60,12,44,33,18.7,14.0,.303,.530,.400,.930,39,,.285,.498,.388,.374,.387,.214,88.9,15.9,8.3,
Anderson, Justin,2019,27,54,47.0,217,181,42,6,60,32,27.6,14.7,.232,.431,.346,.777,29,,.209,.355,.333,.310,.333,.146,88,18.7,8.1,